species,selected_developed_low_intensity,probability_developed_low_intensity,selected_developed_high_intensity,probability_developed_high_intensity,selected_barren_land,probability_barren_land,selected_deciduous_forest,probability_deciduous_forest,selected_evergreen_forest,probability_evergreen_forest,selected_mixed_forest,probability_mixed_forest,selected_shrub_scrub,probability_shrub_scrub,selected_grassland_herbaceous,probability_grassland_herbaceous,selected_pasture_hay,probability_pasture_hay,selected_cultivated_crops,probability_cultivated_crops,selected_woody_wetlands,probability_woody_wetlands,selected_emergent_wetlands,probability_emergent_wetlands,selected_ocean,probability_ocean,selected_lake,probability_lake,selected_river,probability_river,selected_elevation,probability_elevation,selected_aspect,probability_aspect,selected_slope,probability_slope,selected_precipitation,probability_precipitation,selected_temperature_max,probability_temperature_max
Abert's Towhee,25,0.055866667,2,0.130633333,5,0.091133333,2,0.386433333,9,0.052033333,22,0.037433333,1,0.053966667,13,0.052066667,1,0.162466667,30,0.0723,1,0.2325,21,0.131933333,11,0.034233333,5,0.055666667,11,0.048766667,1,0.0549,22,0.089833333,1,0.3639,2,0.041066667,23,0.042466667
Acadian Flycatcher,2,0.377133333,12,0.099566667,2,0.181666667,1,0.838333333,11,0.092866667,2,0.330433333,22,0.039366667,3,0.083433333,1,0.5744,2,0.179533333,1,0.884233333,3,0.061533333,2,0.065766667,31,0.069133333,19,0.082133333,31,0.088333333,31,0.075333333,1,0.9007,1,0.040066667,22,0.0416
Acorn Woodpecker,8,0.154433333,6,0.097033333,12,0.090733333,1,0.106266667,21,0.060633333,5,0.1936,31,0.071166667,31,0.107666667,28,0.066233333,10,0.074833333,21,0.098733333,2,0.2085,22,0.1052,10,0.064266667,4,0.075533333,17,0.0495,24,0.058633333,1,0.729133333,1,0.0672,4,0.133433333
Alder Flycatcher,25,0.0814,29,0.061733333,22,0.080133333,2,0.077433333,1,0.5275,4,0.1704,2,0.282866667,24,0.0582,1,0.255066667,31,0.077766667,1,1,1,0.966433333,3,0.143466667,2,0.6815,20,0.045966667,1,0.0977,3,0.092533333,2,0.106766667,1,0.069333333,31,0.0776
Allen's Hummingbird,2,0.161,1,0.0932,3,0.246033333,2,0.0768,24,0.069466667,23,0.056166667,3,0.045,30,0.1207,1,0.332033333,31,0.062133333,16,0.100533333,31,0.080166667,5,0.0865,9,0.1042,9,0.0466,28,0.068666667,3,0.115666667,5,0.133733333,23,0.0347,1,0.0403
American Avocet,1,0.177633333,2,0.057433333,7,0.143433333,4,0.052166667,9,0.0638,12,0.054633333,2,0.048566667,12,0.051066667,9,0.102133333,3,0.3478,1,0.074433333,2,0.205133333,19,0.036533333,1,0.5045,1,0.0431,26,0.037066667,2,0.0572,8,0.0831,16,0.0352,11,0.036466667
American Bittern,30,0.043433333,31,0.040033333,9,0.0381,30,0.0381,5,0.050266667,9,0.050833333,19,0.041033333,3,0.053166667,11,0.054266667,6,0.038933333,2,0.127333333,2,0.922666667,29,0.038,31,0.047033333,31,0.083466667,2,0.040266667,2,0.042466667,8,0.038533333,1,0.040433333,26,0.0351
American Coot,2,0.211666667,31,0.081233333,2,0.3022,5,0.124133333,5,0.078933333,6,0.064766667,2,0.063833333,2,0.313766667,1,0.129533333,4,0.246633333,31,0.062733333,2,0.9997,25,0.047366667,1,1,1,0.055033333,31,0.035966667,2,0.5742,31,0.0461,6,0.038766667,4,0.0372
American Crow,2,0.118466667,31,0.1572,31,0.172233333,2,0.882666667,2,0.925533333,31,0.1866,3,0.387033333,1,0.275966667,1,0.187566667,1,0.5299,4,0.109866667,31,0.270133333,2,0.8174,31,0.193733333,7,0.237966667,2,0.396166667,5,0.123366667,31,0.239733333,1,0.047966667,1,0.5418
American Dipper,10,0.0437,31,0.0373,31,0.0459,2,0.092933333,2,0.089833333,12,0.0724,2,0.044,22,0.037366667,15,0.042966667,14,0.038566667,1,0.182333333,2,0.037933333,17,0.035333333,4,0.044033333,5,0.036266667,1,0.0476,20,0.0396,2,0.113433333,26,0.034633333,31,0.048533333
American Goldfinch,9,0.1777,1,0.205566667,1,0.102033333,2,0.2044,2,0.954166667,4,0.092033333,24,0.0836,2,0.0752,2,0.9317,31,0.087966667,3,0.351866667,4,0.242766667,7,0.320166667,6,0.1522,31,0.0964,1,0.203066667,10,0.162633333,2,0.375033333,31,0.1956,3,0.1064
American Kestrel,2,0.2131,31,0.0533,1,0.0758,1,0.407233333,1,0.1523,3,0.162566667,2,0.2643,2,0.4506,2,0.890966667,1,0.353033333,2,0.0401,2,0.0789,31,0.209066667,4,0.049166667,6,0.047733333,31,0.047766667,31,0.090833333,31,0.040733333,17,0.035666667,2,0.047966667
American Redstart,2,0.9178,27,0.1271,13,0.074533333,2,0.999966667,1,0.073533333,18,0.109766667,7,0.090866667,27,0.076966667,2,0.4113,2,0.870633333,4,0.265233333,31,0.1281,23,0.0622,31,0.1496,2,0.934266667,1,0.1116,31,0.0795,1,0.122933333,1,0.151466667,31,0.153766667
American Robin,2,0.999866667,1,1,2,0.578233333,6,0.316,30,0.1614,31,0.1525,3,0.211633333,2,0.998166667,1,0.9796,2,0.4096,2,0.167933333,6,0.2526,12,0.078333333,31,0.1157,31,0.398933333,8,0.067866667,31,0.2481,6,0.1854,1,0.267566667,31,0.374233333
American White Pelican,2,0.073833333,1,0.231866667,2,0.095633333,3,0.248766667,18,0.063833333,3,0.127766667,4,0.107933333,31,0.046733333,1,0.063466667,24,0.068933333,13,0.080866667,2,0.7771,2,0.0509,2,0.997633333,2,0.367066667,28,0.040466667,1,0.3721,1,0.739033333,1,0.0363,31,0.066866667
American Wigeon,2,0.055866667,2,0.0363,8,0.0379,5,0.0384,29,0.036333333,3,0.0381,3,0.0546,2,0.3211,1,0.050533333,2,0.0597,1,0.082,2,0.0871,31,0.037766667,2,0.046166667,26,0.036733333,31,0.043866667,31,0.039666667,4,0.0415,31,0.0354,1,0.039066667
Anhinga,1,0.0697,31,0.0399,19,0.0571,21,0.0374,1,0.134833333,28,0.036966667,3,0.134133333,15,0.045033333,25,0.0446,18,0.0432,2,0.113,1,0.999166667,20,0.054733333,2,0.484133333,1,0.1069,1,0.064733333,1,0.154366667,14,0.037866667,29,0.034433333,21,0.037333333
Anna's Hummingbird,2,0.911666667,31,0.4257,2,0.093866667,31,0.0942,8,0.196666667,20,0.099166667,19,0.103733333,8,0.0558,30,0.080533333,1,0.1244,31,0.1887,4,0.1981,4,0.119866667,28,0.0902,4,0.1678,31,0.044466667,4,0.137166667,2,0.236433333,2,0.048266667,19,0.071133333
Ash-throated Flycatcher,2,0.3487,2,0.265233333,13,0.090566667,31,0.1035,12,0.056766667,28,0.1022,1,0.835933333,15,0.061366667,22,0.048466667,18,0.050066667,1,0.0825,21,0.0525,4,0.067933333,31,0.1623,30,0.064533333,30,0.044866667,13,0.082566667,5,0.2103,1,0.0484,13,0.087633333
Bachman's Sparrow,2,0.0906,4,0.049266667,31,0.060433333,2,0.037233333,5,0.077866667,3,0.089866667,19,0.0833,4,0.0882,12,0.047833333,15,0.071133333,1,0.092633333,12,0.053366667,20,0.037733333,8,0.0713,18,0.0458,18,0.0356,16,0.039933333,1,0.063166667,13,0.033866667,15,0.037
Baltimore Oriole,2,0.079633333,1,0.922433333,31,0.068633333,2,0.991966667,26,0.0661,30,0.152033333,22,0.071966667,31,0.106266667,2,0.849,6,0.080066667,31,0.2,31,0.233733333,29,0.1209,24,0.059366667,2,0.75,14,0.040766667,5,0.066166667,31,0.0489,1,0.071533333,1,0.122233333
Band-tailed Pigeon,30,0.0805,2,0.538833333,28,0.0753,28,0.0415,18,0.0631,2,0.550633333,1,0.0724,15,0.0881,3,0.067733333,27,0.073033333,2,0.070033333,21,0.074033333,14,0.074633333,1,0.131666667,28,0.0897,25,0.052633333,2,0.099933333,13,0.1439,17,0.039833333,2,0.075133333
Bank Swallow,1,0.199533333,1,0.066933333,2,0.9604,1,0.155333333,6,0.060833333,1,0.092566667,6,0.061533333,31,0.058933333,2,0.052933333,4,0.244366667,2,0.040366667,2,0.170033333,18,0.0494,1,0.415533333,6,0.162533333,3,0.0395,26,0.046266667,1,0.294666667,8,0.0386,1,0.058766667
Barn Swallow,2,0.999833333,31,0.2044,2,0.0795,1,1,1,1,1,1,15,0.0826,2,0.107,2,1,2,1,1,0.998666667,2,0.9954,7,0.129133333,1,0.901766667,1,0.7122,31,0.042166667,11,0.100066667,1,0.9425,31,0.1272,31,0.065533333
Bell's Vireo,2,0.072333333,2,0.0695,31,0.0675,4,0.057166667,6,0.057166667,25,0.042633333,25,0.091333333,31,0.053166667,31,0.115033333,5,0.054566667,1,0.146333333,2,0.316566667,22,0.053366667,20,0.0674,28,0.061766667,8,0.060266667,31,0.070833333,15,0.050566667,18,0.037533333,13,0.0446
Belted Kingfisher,1,0.093533333,1,0.043233333,1,0.0727,23,0.055566667,13,0.060266667,7,0.056566667,1,0.047133333,2,0.0721,2,0.05,4,0.076433333,2,0.839633333,1,0.952233333,2,0.103366667,2,0.973866667,1,0.8371,31,0.059,1,0.684966667,1,0.093366667,1,0.0506,30,0.060633333
Bewick's Wren,31,0.1591,2,0.440233333,31,0.118333333,31,0.119566667,26,0.0752,30,0.0737,5,0.0574,31,0.056266667,31,0.163866667,24,0.0734,1,0.938833333,13,0.082633333,3,0.101766667,1,0.120766667,22,0.076266667,23,0.073233333,14,0.113633333,12,0.128033333,4,0.038733333,5,0.148566667
Black-and-white Warbler,4,0.4047,24,0.1014,13,0.0561,2,0.9308,2,0.071766667,2,0.975,1,0.103233333,12,0.044833333,6,0.189133333,31,0.167066667,2,0.256,22,0.0803,30,0.061833333,9,0.059533333,2,0.0601,18,0.0466,20,0.055766667,25,0.086333333,21,0.037066667,1,0.1697
Black-bellied Whistling-Duck,26,0.045566667,26,0.095933333,30,0.0669,31,0.093066667,17,0.092466667,21,0.079433333,31,0.0462,21,0.064733333,20,0.096933333,5,0.065066667,15,0.079966667,11,0.1593,18,0.057466667,3,0.1146,1,0.8653,1,0.0395,31,0.094,21,0.076766667,31,0.0363,18,0.042066667
Black-billed Cuckoo,2,0.204733333,14,0.057766667,14,0.051733333,11,0.062466667,31,0.0661,17,0.075366667,3,0.044066667,6,0.042466667,2,0.0835,5,0.054233333,31,0.063966667,1,0.226066667,2,0.0416,3,0.1432,6,0.070233333,13,0.040466667,3,0.094266667,4,0.052866667,21,0.036366667,1,0.066333333
Black-billed Magpie,12,0.108933333,2,0.318566667,31,0.148533333,1,0.0661,2,0.7491,2,0.0577,4,0.1178,29,0.070633333,31,0.0888,12,0.097533333,1,0.2162,2,0.288966667,14,0.176033333,23,0.068133333,5,0.207566667,25,0.0802,18,0.0557,28,0.121266667,1,0.0584,1,0.4109
Black-capped Chickadee,2,0.9971,1,0.9258,1,0.9898,1,0.673466667,3,0.366333333,2,0.844866667,6,0.094733333,2,0.218366667,5,0.080433333,2,0.633966667,3,0.170966667,31,0.228133333,31,0.131,19,0.076933333,1,0.156533333,1,0.400133333,31,0.1791,1,0.2503,1,0.089033333,1,0.097266667
Black-chinned Hummingbird,2,0.242833333,1,0.4689,29,0.0437,2,0.1388,2,0.863366667,30,0.1256,31,0.133266667,31,0.0995,10,0.133866667,31,0.0639,2,0.1365,28,0.061266667,3,0.213233333,1,0.6773,30,0.1232,1,0.442666667,4,0.0537,2,0.2985,30,0.0595,1,0.2463
Black-crested Titmouse,28,0.041633333,1,0.179433333,10,0.078533333,7,0.084566667,2,0.077533333,2,0.1642,10,0.0661,31,0.084733333,2,0.044366667,1,0.1499,31,0.068033333,15,0.0522,22,0.049666667,2,0.239666667,1,0.060133333,15,0.035333333,20,0.1308,1,0.432,31,0.060633333,1,0.064133333
Black-crowned Night Heron,7,0.0923,7,0.039833333,20,0.0442,5,0.055766667,7,0.060433333,31,0.0408,6,0.071933333,1,0.059933333,30,0.043133333,29,0.0374,12,0.1083,2,0.893866667,2,0.1262,2,0.176333333,27,0.040933333,12,0.038066667,3,0.131566667,2,0.180666667,1,0.035266667,3,0.038033333
Black-headed Grosbeak,3,0.427166667,1,0.883433333,3,0.1219,2,0.1032,3,0.4763,5,0.229966667,3,0.118266667,28,0.074066667,17,0.118933333,31,0.055566667,2,0.507833333,2,0.099833333,1,0.0663,14,0.099766667,20,0.114566667,27,0.071966667,1,0.470566667,2,0.441366667,11,0.036966667,5,0.1208
Black-necked Stilt,2,0.6219,1,0.079033333,31,0.059366667,2,0.063766667,2,0.069266667,3,0.0609,2,0.040766667,13,0.0491,5,0.046233333,2,0.467933333,1,0.128166667,2,0.958733333,28,0.070333333,3,0.549666667,15,0.110933333,31,0.039266667,2,0.060466667,4,0.147566667,11,0.036733333,30,0.040433333
Black-tailed Gnatcatcher,24,0.064866667,4,0.064666667,2,0.088133333,23,0.039766667,10,0.042533333,30,0.040966667,2,0.303766667,14,0.044566667,1,0.138166667,1,0.129566667,22,0.071733333,3,0.135666667,15,0.036433333,2,0.114366667,1,0.073133333,4,0.04,31,0.115566667,5,0.074066667,29,0.0361,31,0.086433333
Black-throated Blue Warbler,2,0.480466667,30,0.046766667,18,0.081633333,2,0.4522,31,0.102833333,2,0.700733333,1,0.289666667,24,0.056066667,1,0.1714,4,0.0529,5,0.0435,2,0.0533,20,0.041266667,5,0.1555,20,0.047866667,19,0.038433333,2,0.158433333,5,0.0578,19,0.043733333,1,0.276833333
Black-throated Gray Warbler,3,0.1395,6,0.088666667,12,0.0463,2,0.081866667,2,0.234366667,1,0.1403,31,0.058233333,11,0.086566667,1,0.055466667,11,0.040533333,31,0.136333333,29,0.0465,20,0.0632,22,0.0428,17,0.045,14,0.0418,4,0.064266667,6,0.1773,26,0.037733333,1,0.103266667
Black-throated Green Warbler,3,0.483433333,31,0.1113,11,0.080833333,1,0.549366667,2,0.376166667,2,0.8974,2,0.084533333,23,0.064966667,2,0.551366667,2,0.164866667,14,0.0719,1,0.0979,31,0.1458,24,0.0654,25,0.060133333,31,0.093,24,0.0442,2,0.065933333,29,0.0419,1,0.1817
Black-throated Sparrow,2,0.077033333,1,0.0957,3,0.084333333,18,0.041933333,3,0.070866667,4,0.042066667,2,0.436933333,18,0.051433333,11,0.0397,20,0.0471,22,0.068966667,1,0.2154,4,0.048333333,30,0.043233333,30,0.048733333,12,0.056066667,1,0.0899,8,0.092066667,1,0.048166667,8,0.065466667
Black Phoebe,23,0.046333333,1,0.132,17,0.0619,31,0.1187,1,0.303733333,31,0.055333333,1,0.8381,18,0.116066667,2,0.0489,12,0.0502,2,0.092366667,13,0.1371,31,0.077,5,0.0838,14,0.067633333,1,0.136533333,31,0.163933333,1,0.124666667,1,0.0469,16,0.0549
Black Skimmer,2,0.057933333,14,0.0573,3,0.113366667,11,0.0442,18,0.0397,12,0.048533333,3,0.0379,1,0.066466667,31,0.047866667,2,0.044466667,13,0.064133333,2,0.210466667,2,0.191133333,22,0.071633333,2,0.055233333,1,0.054,2,0.124066667,13,0.0454,24,0.035466667,30,0.039666667
Black Tern,6,0.0797,5,0.041733333,2,0.110266667,1,0.1196,30,0.0404,9,0.0399,2,0.0415,3,0.132533333,14,0.089066667,7,0.0941,28,0.044233333,2,0.9968,17,0.082166667,4,0.074066667,14,0.065,18,0.0368,2,0.044733333,1,0.045966667,3,0.035466667,3,0.036766667
Black Vulture,31,0.0743,1,0.0593,24,0.089933333,2,0.075433333,1,0.196266667,4,0.0577,31,0.2452,3,0.074233333,4,0.116166667,26,0.0547,2,0.218166667,8,0.090333333,26,0.0409,1,0.953566667,25,0.089833333,1,0.064033333,19,0.068733333,19,0.0385,30,0.044133333,31,0.081266667
Blackburnian Warbler,4,0.1882,12,0.061333333,1,0.1455,2,0.114066667,1,0.998966667,1,0.1826,2,0.095266667,1,0.065933333,2,0.324366667,2,0.088933333,6,0.066766667,1,0.0842,14,0.063,25,0.048366667,12,0.0469,1,0.0486,1,0.103766667,3,0.037833333,1,0.037833333,1,0.207666667
Blue-gray Gnatcatcher,2,0.989333333,3,0.340433333,31,0.092966667,1,0.9636,8,0.2896,31,0.070233333,15,0.045866667,23,0.0579,3,0.163133333,2,0.583633333,2,0.6972,3,0.054666667,31,0.086133333,29,0.064266667,31,0.057366667,29,0.0902,6,0.1683,2,0.410966667,3,0.038,31,0.3222
Blue-headed Vireo,2,0.216966667,31,0.0469,13,0.054533333,3,0.089733333,2,0.688633333,2,0.344766667,11,0.104966667,14,0.0606,2,0.938366667,31,0.0793,4,0.108133333,31,0.0637,2,0.069233333,5,0.0963,31,0.0586,3,0.049366667,3,0.1071,28,0.069633333,31,0.041,1,0.340833333
Blue-winged Teal,2,0.564466667,2,0.090633333,6,0.059866667,5,0.105766667,2,0.062,3,0.085533333,31,0.045766667,2,0.054166667,31,0.065866667,2,0.188666667,10,0.051233333,1,0.9851,31,0.036066667,1,0.3438,2,0.061833333,11,0.039966667,23,0.043033333,9,0.046366667,4,0.035466667,4,0.0395
Blue-winged Warbler,2,0.3907,5,0.057366667,2,0.049966667,2,0.9725,4,0.040766667,2,0.0746,3,0.127833333,31,0.0596,9,0.046433333,4,0.1352,2,0.1673,15,0.1005,2,0.059266667,2,0.0382,31,0.1716,14,0.036933333,23,0.053166667,2,0.102266667,25,0.0363,31,0.055933333
Blue Grosbeak,2,0.9753,26,0.089966667,18,0.046133333,1,0.1211,12,0.118433333,13,0.054833333,3,0.094966667,1,0.937466667,1,0.999633333,1,0.7839,2,0.6385,16,0.078666667,1,0.069666667,31,0.049633333,3,0.054933333,2,0.039733333,28,0.0793,2,0.368566667,30,0.0379,1,0.074833333
Blue Jay,2,0.999933333,1,1,1,0.475333333,2,0.832166667,2,0.963733333,1,0.999933333,7,0.1514,2,0.244333333,10,0.098066667,20,0.078866667,31,0.184633333,1,0.580733333,2,0.401133333,28,0.0887,31,0.0892,1,0.477833333,25,0.088233333,3,0.4565,31,0.041633333,25,0.044066667
Boat-tailed Grackle,1,0.177266667,1,0.6448,6,0.0756,5,0.062733333,1,0.371766667,3,0.084,2,0.053433333,12,0.094,1,0.1501,3,0.065066667,2,0.2254,2,0.678166667,18,0.134,18,0.091033333,30,0.0717,31,0.0633,2,0.669833333,7,0.043966667,26,0.041933333,31,0.060633333
Brewer's Blackbird,2,0.510466667,31,0.1182,9,0.140133333,2,0.140133333,1,0.9628,26,0.0426,2,0.307866667,25,0.1197,2,0.197333333,7,0.1261,18,0.052033333,5,0.176966667,25,0.091033333,11,0.0558,6,0.0533,21,0.053866667,16,0.0545,2,0.4577,1,0.0525,21,0.051733333
Brewer's Sparrow,2,0.337566667,23,0.055133333,13,0.0983,25,0.071133333,15,0.0921,2,0.084833333,3,0.541733333,2,0.211,3,0.085,1,0.063033333,4,0.101066667,2,0.053833333,1,0.0528,30,0.045333333,30,0.052266667,1,0.083466667,1,0.075866667,2,0.342266667,4,0.0405,1,0.121933333
Broad-billed Hummingbird,1,0.167766667,1,0.044633333,3,0.116666667,18,0.0386,13,0.1755,8,0.1905,17,0.146366667,16,0.047433333,10,0.1242,31,0.043666667,23,0.093433333,5,0.055066667,22,0.0342,24,0.0425,11,0.033833333,21,0.050666667,1,0.219166667,29,0.062066667,31,0.042133333,1,0.0413
Broad-tailed Hummingbird,31,0.383833333,31,0.0736,1,0.132266667,31,0.068233333,2,0.695966667,25,0.061533333,11,0.192233333,31,0.1435,20,0.150266667,5,0.115733333,19,0.1371,9,0.091433333,17,0.073033333,31,0.268766667,2,0.107133333,1,0.350933333,20,0.0574,2,0.491533333,10,0.043966667,1,0.2342
Broad-winged Hawk,15,0.047233333,2,0.071633333,21,0.042833333,2,0.619066667,6,0.040466667,2,0.098266667,1,0.039766667,2,0.0717,23,0.041066667,3,0.080333333,4,0.072633333,13,0.047566667,2,0.041233333,14,0.045533333,31,0.0561,3,0.0406,28,0.04,4,0.059666667,19,0.035466667,19,0.037166667
Bronzed Cowbird,30,0.083966667,31,0.052433333,1,0.1557,4,0.050166667,19,0.0689,1,0.086366667,31,0.057966667,17,0.064133333,3,0.060566667,6,0.079766667,31,0.059566667,28,0.078433333,31,0.044633333,31,0.074766667,1,0.274733333,30,0.037933333,18,0.054633333,27,0.0432,1,0.034766667,30,0.0705
Brown-crested Flycatcher,27,0.088266667,29,0.070633333,17,0.049166667,29,0.064366667,1,0.082366667,17,0.0712,3,0.059,1,0.194433333,2,0.427333333,24,0.052233333,2,0.435,21,0.053133333,12,0.056633333,21,0.0625,7,0.121533333,1,0.0527,26,0.133166667,15,0.056166667,20,0.0404,1,0.043333333
Brown-headed Cowbird,2,0.3975,1,0.9999,1,0.617866667,2,0.1735,7,0.137833333,31,0.383433333,4,0.1921,12,0.065233333,4,0.4208,31,0.237333333,31,0.093566667,31,0.122766667,2,0.0727,1,0.363,30,0.133833333,1,0.3465,5,0.090966667,2,0.440966667,21,0.053766667,1,0.060333333
Brown-headed Nuthatch,18,0.067166667,1,0.296033333,19,0.305766667,2,0.106233333,1,0.567066667,5,0.081033333,11,0.048466667,17,0.106433333,29,0.0785,15,0.0591,17,0.090533333,4,0.045666667,9,0.073033333,4,0.0592,20,0.102766667,29,0.040833333,10,0.069366667,2,0.0641,18,0.0352,2,0.050333333
Brown Creeper,1,0.127533333,2,0.116233333,3,0.073233333,28,0.0558,1,0.7559,2,0.1913,11,0.0545,30,0.060666667,1,0.078466667,6,0.0454,1,0.445933333,22,0.044133333,30,0.102233333,3,0.140366667,29,0.0551,1,0.0584,7,0.0894,1,0.056033333,19,0.041166667,1,0.099866667
Brown Pelican,7,0.103,6,0.109666667,2,0.046266667,31,0.128266667,3,0.0478,31,0.0473,3,0.093166667,1,0.0622,11,0.048133333,31,0.0566,12,0.042566667,31,0.060766667,2,0.9928,15,0.0947,3,0.247666667,22,0.052266667,2,0.905666667,7,0.0675,30,0.040433333,1,0.039566667
Brown Thrasher,3,0.360533333,31,0.420866667,31,0.0801,1,0.2971,31,0.092233333,24,0.087066667,2,0.054233333,1,0.172833333,2,0.9082,1,0.9352,1,0.342933333,2,0.103433333,1,0.049333333,31,0.065066667,19,0.1055,1,0.308666667,10,0.0719,30,0.064866667,31,0.132566667,31,0.0544
Bullock's Oriole,2,0.292433333,1,0.256866667,6,0.079433333,2,0.113933333,1,0.6317,1,0.075,12,0.053266667,2,0.451866667,4,0.248566667,13,0.096133333,1,0.246666667,3,0.1935,3,0.4131,4,0.3613,2,0.3395,1,0.061466667,11,0.1087,7,0.063466667,2,0.066,1,0.613333333
Burrowing Owl,4,0.095333333,1,0.053566667,17,0.044233333,22,0.044533333,2,0.043966667,2,0.0378,4,0.060266667,1,0.546266667,26,0.0474,24,0.060366667,5,0.0673,1,0.0415,2,0.0688,20,0.043633333,3,0.052,14,0.038933333,3,0.048266667,10,0.096233333,8,0.034633333,1,0.051733333
Bushtit,4,0.0794,1,0.153366667,13,0.056933333,31,0.052833333,2,0.1076,31,0.047633333,2,0.0961,7,0.0723,1,0.1823,20,0.045633333,18,0.099,23,0.106233333,26,0.085033333,8,0.049366667,4,0.150533333,17,0.045633333,9,0.053733333,7,0.067433333,31,0.055233333,1,0.0983
Cactus Wren,2,0.075833333,3,0.067866667,16,0.108166667,10,0.071433333,31,0.091733333,3,0.0941,4,0.242866667,2,0.1317,24,0.037966667,7,0.239733333,12,0.2273,6,0.1062,27,0.035466667,23,0.0715,20,0.0484,4,0.058033333,25,0.049033333,11,0.051666667,11,0.0419,31,0.075466667
California Gull,31,0.0692,21,0.0578,24,0.078066667,31,0.099,1,0.093933333,4,0.0709,3,0.1312,2,0.083066667,16,0.0502,31,0.050833333,27,0.0753,4,0.296166667,2,0.623866667,2,0.872766667,6,0.102366667,4,0.039133333,2,0.3328,2,0.307133333,30,0.036333333,31,0.040533333
California Quail,23,0.0765,2,0.3764,2,0.048433333,31,0.0559,1,0.323166667,2,0.201866667,2,0.8022,31,0.1184,8,0.1131,19,0.108533333,26,0.0709,13,0.080933333,29,0.223733333,31,0.167966667,1,0.156833333,1,0.224533333,31,0.070733333,22,0.0938,1,0.039833333,1,0.097
California Scrub-Jay,2,0.4629,17,0.081033333,10,0.151866667,24,0.052766667,1,0.9345,3,0.170766667,2,0.522466667,31,0.095666667,12,0.069466667,1,0.092633333,20,0.053433333,2,0.070866667,22,0.136266667,5,0.134366667,3,0.1847,31,0.065,17,0.052366667,13,0.161833333,2,0.059033333,1,0.204533333
California Thrasher,1,0.371966667,5,0.045433333,6,0.083866667,29,0.086533333,31,0.063866667,30,0.043333333,2,0.603066667,13,0.0876,31,0.061966667,10,0.069266667,3,0.1868,1,0.265666667,7,0.053066667,2,0.166433333,26,0.105833333,4,0.075033333,26,0.072866667,1,0.087066667,2,0.035833333,20,0.043166667
California Towhee,1,0.431666667,14,0.1692,19,0.0655,5,0.092233333,31,0.223833333,31,0.047266667,31,0.172733333,7,0.0836,21,0.181766667,31,0.049733333,3,0.198666667,17,0.084666667,28,0.1247,3,0.2785,20,0.055066667,9,0.051366667,1,0.113833333,5,0.1885,31,0.0777,5,0.0739
Calliope Hummingbird,2,0.050033333,15,0.059566667,10,0.041666667,2,0.1821,2,0.1954,10,0.041566667,2,0.134533333,6,0.0638,5,0.051333333,5,0.0455,6,0.044566667,30,0.058266667,31,0.0384,3,0.091633333,22,0.0522,31,0.063866667,3,0.123066667,14,0.104233333,12,0.047866667,19,0.0696
Canada Goose,1,0.999766667,5,0.146966667,17,0.072633333,1,1,1,0.891966667,2,0.371366667,3,0.097966667,10,0.0689,17,0.132966667,1,0.271766667,2,0.104166667,2,0.687566667,1,0.189833333,1,0.999966667,1,0.5577,28,0.0582,2,1,2,0.9876,1,0.041766667,1,0.101066667
Canada Jay,31,0.052366667,31,0.0499,6,0.065233333,2,0.057166667,2,0.517266667,2,0.037366667,31,0.0543,1,0.1022,31,0.0702,11,0.0358,7,0.050566667,1,0.040766667,20,0.0355,1,0.0597,19,0.0432,24,0.035466667,14,0.0375,2,0.102733333,25,0.036766667,3,0.1457
Canvasback,31,0.054533333,31,0.043733333,19,0.040233333,11,0.050666667,14,0.056666667,15,0.0377,1,0.0438,4,0.046433333,3,0.102233333,1,0.1015,3,0.0594,4,0.163533333,30,0.035033333,1,0.133766667,28,0.05,31,0.034633333,4,0.042733333,30,0.0552,31,0.037233333,27,0.034166667
Canyon Towhee,18,0.043966667,1,0.037866667,12,0.188,31,0.054266667,22,0.0514,3,0.056,1,0.993,12,0.080266667,3,0.042733333,5,0.0652,21,0.0494,4,0.081266667,10,0.034266667,26,0.0541,26,0.0601,1,0.050633333,31,0.074133333,18,0.113833333,1,0.0532,3,0.062366667
Canyon Wren,3,0.165433333,6,0.0435,1,0.2192,16,0.050666667,1,0.051633333,31,0.042433333,1,0.1879,30,0.0422,2,0.0431,6,0.044333333,21,0.0525,21,0.0368,11,0.036266667,6,0.067566667,8,0.0637,1,0.1167,20,0.055966667,2,0.999133333,13,0.039366667,1,0.071033333
Carolina Chickadee,5,0.2043,1,1,24,0.1019,1,0.949966667,1,0.260933333,1,0.067366667,3,0.0574,6,0.077033333,31,0.136233333,2,0.712466667,3,0.118333333,1,0.8868,2,0.4778,29,0.102933333,29,0.114366667,29,0.075033333,7,0.062433333,31,0.1285,31,0.053566667,31,0.433066667
Carolina Wren,2,0.1525,1,1,2,0.272033333,2,0.997566667,27,0.104366667,31,0.346633333,2,0.104366667,2,0.068066667,31,0.097366667,31,0.1025,31,0.170866667,28,0.0855,31,0.4067,31,0.521333333,3,0.086133333,31,0.1166,31,0.153333333,18,0.067433333,31,0.115066667,31,0.224366667
Caspian Tern,20,0.068566667,29,0.115866667,1,0.257066667,3,0.0644,9,0.073733333,9,0.075166667,2,0.074866667,19,0.042433333,11,0.152966667,23,0.042566667,4,0.116733333,2,0.3562,2,0.392333333,2,0.4506,4,0.109,1,0.055433333,3,0.525,2,0.320366667,3,0.039333333,31,0.043933333
Cassin's Finch,3,0.078566667,21,0.059166667,21,0.042433333,13,0.0806,8,0.1555,31,0.192333333,1,0.0657,1,0.061866667,11,0.0543,13,0.059033333,20,0.052633333,6,0.086466667,30,0.0361,1,0.187466667,16,0.049066667,11,0.048666667,31,0.0614,4,0.231833333,7,0.054266667,1,0.062666667
Cassin's Kingbird,16,0.0433,28,0.058266667,22,0.0573,31,0.071033333,14,0.0692,9,0.0526,30,0.084966667,30,0.082966667,25,0.055366667,30,0.050966667,16,0.092533333,12,0.189533333,3,0.0828,2,0.081133333,30,0.05,1,0.037733333,31,0.0679,5,0.0784,20,0.057166667,4,0.0714
Cassin's Sparrow,2,0.351666667,1,0.1349,26,0.163966667,3,0.059766667,2,0.123333333,6,0.046466667,2,0.363066667,3,0.089866667,22,0.043733333,3,0.088833333,3,0.057966667,4,0.256366667,1,0.042033333,1,0.1479,21,0.0413,3,0.042266667,22,0.046733333,2,0.279833333,31,0.037233333,2,0.047133333
Cassin's Vireo,2,0.159966667,8,0.037533333,4,0.053466667,2,0.1397,2,0.688933333,24,0.043033333,22,0.066633333,2,0.0536,15,0.049933333,3,0.073233333,19,0.0512,24,0.044133333,26,0.043966667,9,0.066666667,31,0.065366667,2,0.072266667,31,0.053666667,8,0.089966667,13,0.037766667,4,0.0437
Cedar Waxwing,31,0.129433333,4,0.083933333,2,0.1282,25,0.058033333,1,0.614933333,2,0.2965,1,0.079233333,31,0.071666667,1,0.097433333,4,0.369533333,2,0.5112,1,0.093566667,23,0.069066667,3,0.386966667,2,0.140333333,1,0.702466667,6,0.122766667,1,0.376566667,31,0.1052,29,0.069466667
Chestnut-backed Chickadee,2,0.194566667,1,0.8624,2,0.3562,4,0.1211,1,0.988833333,1,0.2115,28,0.069566667,31,0.066333333,18,0.0732,12,0.050366667,8,0.072333333,2,0.0576,1,0.179333333,1,0.072866667,3,0.104333333,31,0.116566667,4,0.216466667,1,0.221733333,27,0.047833333,13,0.042833333
Chestnut-collared Longspur,2,0.0783,3,0.0438,28,0.043933333,22,0.042333333,31,0.067833333,13,0.040733333,3,0.053833333,2,0.813033333,31,0.095466667,26,0.096666667,3,0.0629,2,0.0944,8,0.042333333,19,0.060533333,19,0.0391,31,0.037233333,19,0.071266667,2,0.048433333,3,0.036133333,18,0.038
Chestnut-sided Warbler,4,0.2492,20,0.069866667,31,0.356133333,2,0.947966667,31,0.2031,30,0.108466667,11,0.306566667,30,0.0713,31,0.147666667,3,0.2505,31,0.1937,7,0.111366667,19,0.0654,2,0.598233333,23,0.117433333,3,0.110833333,4,0.220166667,2,0.335566667,26,0.039266667,1,0.8299
Chihuahuan Meadowlark,16,0.0632,16,0.0549,6,0.0516,31,0.195033333,31,0.235666667,31,0.052033333,14,0.0658,2,0.286766667,22,0.040366667,6,0.055933333,22,0.1021,31,0.085633333,6,0.034166667,6,0.279233333,4,0.062533333,21,0.0478,31,0.049433333,2,0.3455,20,0.037733333,14,0.037866667
Chimney Swift,2,0.999966667,2,0.6838,19,0.065766667,1,0.2687,1,0.297833333,31,0.0762,9,0.0619,2,0.716633333,2,0.081733333,31,0.065933333,1,0.1173,30,0.0772,3,0.099566667,5,0.069166667,1,0.754966667,1,0.1152,23,0.042933333,31,0.1257,16,0.0377,1,0.2764
Chipping Sparrow,1,1,5,0.175566667,18,0.067166667,2,0.9346,2,0.976166667,2,0.6796,1,0.102566667,2,0.0873,1,0.2702,31,0.233566667,16,0.143266667,2,0.817333333,9,0.077033333,1,0.064033333,15,0.069966667,6,0.043666667,5,0.094266667,1,0.566066667,1,0.444733333,1,0.388933333
Cinnamon Teal,2,0.1611,1,0.0637,3,0.0744,26,0.087333333,2,0.298133333,15,0.043366667,2,0.145366667,1,0.104666667,11,0.0478,31,0.0505,5,0.055833333,2,0.448,18,0.0366,1,0.8878,31,0.056933333,30,0.044166667,2,0.2405,6,0.0611,23,0.035133333,6,0.049433333
Clark's Grebe,1,0.0447,21,0.036733333,25,0.047933333,12,0.043,3,0.0491,25,0.041866667,5,0.0394,30,0.0592,6,0.052566667,27,0.0474,2,0.120466667,5,0.0939,6,0.1451,2,0.9923,27,0.060766667,23,0.037766667,2,0.094566667,2,0.057666667,28,0.037733333,29,0.0362
Clark's Nutcracker,2,0.1578,18,0.050866667,11,0.098366667,31,0.0468,4,0.077166667,28,0.0602,1,0.497566667,1,0.116333333,3,0.044833333,5,0.037033333,12,0.056333333,5,0.04,20,0.0353,15,0.0407,22,0.0534,1,0.278333333,2,0.076,2,0.1145,16,0.034,1,0.433066667
Cliff Swallow,2,0.853333333,1,0.7958,1,0.518833333,1,0.993366667,1,0.996766667,2,0.3178,2,0.248033333,3,0.0954,2,0.124166667,2,0.739866667,24,0.078266667,2,0.993166667,12,0.050133333,2,0.918,2,0.306666667,1,0.0731,2,0.101733333,1,0.081033333,1,0.079266667,1,0.0503
Common Gallinule,2,0.054233333,1,0.058,29,0.047166667,25,0.0476,31,0.061066667,3,0.045633333,31,0.0416,17,0.0424,5,0.065266667,31,0.0509,2,0.1206,1,0.9939,2,0.085566667,1,0.326266667,27,0.069733333,31,0.042666667,13,0.082533333,31,0.036633333,31,0.064566667,7,0.033733333
Common Grackle,1,0.716966667,12,0.107966667,31,0.084133333,2,0.766666667,2,0.953466667,2,0.734266667,3,0.377966667,2,0.654333333,1,0.6226,5,0.255133333,2,0.129233333,13,0.1392,31,0.061966667,3,0.037133333,30,0.218833333,1,0.445333333,2,0.0774,1,0.961066667,29,0.040833333,31,0.194366667
Common Ground Dove,9,0.064766667,10,0.061566667,5,0.0538,31,0.047133333,6,0.0465,25,0.0511,2,0.087666667,24,0.041366667,6,0.0598,9,0.054833333,3,0.198,13,0.045633333,1,0.045633333,31,0.061533333,31,0.0715,6,0.037433333,2,0.0706,17,0.0404,29,0.037466667,5,0.052633333
Common Loon,2,0.1586,31,0.058133333,5,0.086833333,5,0.153266667,6,0.047666667,26,0.1227,2,0.0621,20,0.047533333,3,0.0854,4,0.068666667,12,0.0887,31,0.243066667,2,0.941966667,2,1,4,0.052333333,30,0.037666667,2,0.271233333,7,0.0563,13,0.038033333,31,0.0453
Common Merganser,24,0.043133333,31,0.047033333,30,0.057166667,8,0.055533333,3,0.095633333,11,0.0747,1,0.0986,30,0.044466667,16,0.048733333,1,0.053633333,5,0.048933333,1,0.139166667,2,0.0701,2,0.999033333,1,0.8916,29,0.045933333,1,0.290033333,6,0.073133333,31,0.049233333,30,0.086433333
Common Raven,4,0.413866667,3,0.167333333,1,0.235533333,6,0.0432,31,0.083566667,29,0.058633333,21,0.055433333,11,0.065366667,31,0.134033333,7,0.061133333,31,0.2736,31,0.1646,6,0.1302,8,0.154,18,0.063566667,30,0.060233333,17,0.103933333,4,0.0763,1,0.116266667,31,0.049433333
Common Tern,1,0.185033333,1,0.3119,27,0.058433333,6,0.057833333,31,0.045633333,1,0.079133333,26,0.0504,2,0.055266667,28,0.069133333,11,0.036466667,3,0.105633333,2,0.044366667,2,0.571733333,2,0.116933333,4,0.237666667,1,0.037066667,2,0.558366667,2,0.3988,1,0.035766667,31,0.054033333
Common Yellowthroat,2,1,1,0.977233333,1,0.062866667,7,0.1998,1,0.981433333,29,0.063,2,0.840266667,31,0.113666667,2,0.984866667,31,0.2402,1,1,2,1,2,0.0672,2,0.6055,30,0.080233333,1,0.7697,3,0.1735,21,0.1008,31,0.080833333,31,0.1744
Costa's Hummingbird,1,0.056733333,1,0.1151,28,0.087233333,16,0.090733333,2,0.087166667,8,0.044533333,3,0.114433333,5,0.0432,3,0.065733333,2,0.048033333,7,0.139933333,2,0.0557,23,0.037366667,3,0.057666667,1,0.048666667,2,0.065966667,22,0.0522,7,0.055233333,31,0.035833333,1,0.041566667
Crested Caracara,23,0.042866667,1,0.0512,5,0.043066667,29,0.050366667,2,0.146266667,1,0.0525,31,0.1591,6,0.05,30,0.0499,7,0.038933333,1,0.079166667,1,0.080366667,1,0.154366667,31,0.099666667,5,0.2638,30,0.035966667,10,0.047366667,16,0.0531,18,0.033933333,1,0.037466667
Curve-billed Thrasher,1,0.223633333,25,0.169633333,19,0.077366667,2,0.075866667,3,0.1207,3,0.081366667,1,0.440966667,18,0.050366667,3,0.042566667,14,0.091333333,4,0.1803,2,0.437833333,12,0.063133333,4,0.101266667,2,0.0648,3,0.0496,20,0.183933333,6,0.086566667,2,0.055766667,3,0.0778
Dark-eyed Junco,3,0.0796,31,0.188266667,3,0.058733333,14,0.104833333,2,0.997966667,4,0.0746,17,0.126,30,0.080033333,1,0.1698,3,0.2455,2,0.857733333,2,0.1641,30,0.347833333,16,0.045833333,31,0.136633333,1,0.605233333,13,0.145733333,31,0.2488,2,0.085733333,1,0.977466667
Dickcissel,2,0.958733333,31,0.1631,12,0.068233333,1,0.364666667,3,0.151666667,31,0.2389,2,0.189433333,2,0.989366667,2,0.999533333,2,0.999833333,30,0.0514,31,0.089933333,23,0.0624,31,0.052333333,11,0.0822,1,0.040066667,25,0.0481,2,0.358133333,9,0.039733333,31,0.047966667
Double-crested Cormorant,1,0.720733333,31,0.070133333,5,0.141866667,5,0.115766667,2,0.131266667,1,0.3062,17,0.0471,12,0.047133333,17,0.0652,1,0.2108,30,0.0641,2,0.889866667,2,0.998333333,2,0.996033333,2,0.9431,1,0.161033333,2,0.355566667,1,0.994466667,10,0.036433333,31,0.155566667
Downy Woodpecker,4,0.421633333,1,1,1,0.294466667,1,0.9997,31,0.161433333,1,0.341533333,31,0.148633333,2,0.116166667,4,0.4652,1,0.5451,27,0.1016,1,0.182733333,3,0.262766667,6,0.0849,2,0.561166667,2,0.050733333,5,0.131933333,7,0.1653,31,0.0831,1,0.3354
Dusky Flycatcher,2,0.206833333,25,0.0608,2,0.049533333,22,0.0582,18,0.106566667,26,0.0555,1,0.107766667,22,0.045533333,2,0.1059,6,0.1049,22,0.051733333,7,0.065366667,29,0.043866667,2,0.0997,31,0.047866667,31,0.051366667,15,0.114933333,30,0.0639,20,0.045566667,1,0.153733333
Eared Grebe,2,0.064566667,28,0.041833333,9,0.0542,18,0.041766667,2,0.053133333,31,0.0409,24,0.048233333,1,0.0946,8,0.054066667,2,0.063,22,0.047833333,2,0.1047,29,0.038033333,1,0.9899,5,0.0393,2,0.043033333,19,0.0416,27,0.054533333,11,0.034233333,27,0.034466667
Eastern Bluebird,7,0.075866667,2,0.985933333,6,0.1272,3,0.107766667,4,0.483466667,4,0.049966667,31,0.0604,28,0.0716,1,0.968,5,0.164333333,1,0.8014,1,0.265733333,3,0.098966667,31,0.075266667,1,0.163266667,1,0.090266667,6,0.103233333,2,0.6828,26,0.044366667,31,0.088966667
Eastern Kingbird,2,0.9992,4,0.192766667,17,0.061033333,1,0.9866,1,0.800666667,1,1,2,0.1448,2,0.936633333,2,0.9518,1,0.2706,2,0.422966667,2,0.7716,17,0.1833,1,0.999966667,31,0.124933333,1,0.879866667,1,0.3959,1,0.1821,31,0.0565,1,0.392966667
Eastern Meadowlark,2,0.9858,29,0.072033333,15,0.128433333,1,1,1,0.4572,1,0.995033333,3,0.125733333,2,0.941133333,2,1,2,0.9985,1,0.9801,31,0.161566667,11,0.061433333,2,0.347066667,13,0.063266667,1,0.074766667,10,0.090066667,31,0.235033333,1,0.039,31,0.074766667
Eastern Towhee,2,0.978233333,1,0.968133333,2,0.2162,2,0.914566667,27,0.089333333,31,0.3072,3,0.793266667,5,0.045366667,31,0.281466667,2,0.969866667,21,0.0802,1,0.061633333,4,0.274633333,2,0.666066667,1,0.2119,1,0.254633333,28,0.1101,31,0.254366667,31,0.3656,31,0.134833333
Eastern Wood-Pewee,2,0.999566667,2,0.9617,31,0.409766667,1,1,1,0.930466667,1,0.990166667,3,0.0523,31,0.059633333,31,0.124866667,31,0.118266667,1,0.919966667,31,0.244133333,24,0.056833333,31,0.062466667,31,0.078466667,15,0.060433333,14,0.0695,1,0.220966667,31,0.0522,12,0.125633333
Eurasian Collared-Dove,2,1,18,0.1333,2,0.0699,2,0.9831,2,0.740833333,28,0.1276,31,0.101833333,11,0.114566667,2,0.7668,5,0.550266667,31,0.181066667,31,0.280866667,9,0.0806,25,0.090033333,1,0.393266667,31,0.1718,22,0.085533333,2,0.685633333,2,0.083933333,1,0.191
European Starling,2,0.9964,2,1,12,0.058533333,1,1,2,0.999833333,1,1,2,0.180066667,31,0.0972,2,0.999166667,2,1,1,0.999966667,31,0.330433333,26,0.091,5,0.086933333,2,0.4608,1,0.206366667,25,0.085033333,1,1,1,0.045833333,31,0.361066667
Evening Grosbeak,2,0.061033333,8,0.074333333,31,0.2402,1,0.0591,9,0.083033333,2,0.0606,2,0.0562,10,0.057166667,16,0.0864,5,0.049033333,19,0.0534,30,0.062466667,2,0.048633333,13,0.0388,11,0.0507,14,0.0465,2,0.8639,29,0.051066667,5,0.044,27,0.0779
Field Sparrow,2,0.9829,2,0.1051,1,0.045333333,2,0.813633333,31,0.086333333,3,0.596,2,0.998633333,1,0.994833333,1,0.7948,5,0.0703,31,0.074366667,15,0.164833333,3,0.074866667,2,0.351933333,4,0.1821,31,0.075066667,2,0.059966667,31,0.0937,6,0.0522,27,0.067
Fish Crow,2,0.395533333,2,0.512666667,2,0.150833333,2,0.130966667,8,0.0584,31,0.066266667,1,0.144566667,2,0.1213,2,0.061533333,7,0.076266667,5,0.064033333,18,0.062066667,12,0.0726,10,0.158666667,28,0.090933333,1,0.4731,3,0.2053,2,0.1079,10,0.035633333,31,0.062333333
Forster's Tern,8,0.138633333,10,0.038066667,1,0.0973,5,0.0472,5,0.058033333,7,0.052733333,31,0.040533333,2,0.047266667,4,0.052133333,2,0.055666667,30,0.045566667,2,0.5221,3,0.281966667,1,0.311866667,9,0.0407,18,0.034866667,2,0.520433333,2,0.196466667,18,0.0344,15,0.0387
Fox Sparrow,3,0.060733333,25,0.0427,12,0.0913,3,0.041766667,3,0.282266667,10,0.048866667,27,0.0633,2,0.052066667,24,0.064666667,5,0.045333333,1,0.069566667,31,0.042333333,26,0.038066667,25,0.059766667,9,0.0495,1,0.067333333,12,0.0585,2,0.121,28,0.059566667,1,0.160033333
Franklin's Gull,2,0.144266667,31,0.046566667,1,0.098033333,1,0.823033333,12,0.053633333,10,0.052066667,1,0.053133333,31,0.0375,11,0.088666667,1,0.133966667,1,0.048,8,0.105066667,1,0.061266667,5,0.0631,31,0.035866667,29,0.0398,8,0.073366667,1,0.042133333,30,0.0356,2,0.041133333
Gadwall,17,0.065366667,31,0.055266667,21,0.050666667,25,0.051733333,2,0.228133333,5,0.102566667,17,0.0611,2,0.355633333,4,0.094366667,2,0.2874,31,0.056666667,2,0.783833333,30,0.0381,1,0.995633333,1,0.039766667,15,0.044666667,3,0.061666667,2,0.206066667,31,0.046733333,9,0.053033333
Gambel's Quail,2,0.318666667,2,0.367666667,31,0.1249,13,0.058033333,12,0.080966667,12,0.0641,1,0.1398,14,0.052666667,1,0.079366667,17,0.080733333,19,0.150033333,31,0.1753,16,0.139166667,1,0.131633333,10,0.088566667,2,0.069566667,21,0.048533333,3,0.149366667,2,0.0586,29,0.083866667
Gila Woodpecker,6,0.101233333,1,0.765333333,24,0.1044,30,0.094333333,2,0.042366667,31,0.069466667,2,0.0525,27,0.076333333,5,0.130066667,29,0.075566667,26,0.110133333,14,0.075933333,13,0.035033333,21,0.055466667,31,0.0534,3,0.048566667,28,0.0999,3,0.125666667,1,0.036266667,21,0.0602
Glossy Ibis,26,0.049133333,4,0.047033333,13,0.052466667,2,0.0548,1,0.060733333,31,0.040633333,30,0.052966667,31,0.0438,2,0.121866667,2,0.044833333,6,0.044066667,2,0.6963,1,0.056366667,1,0.112766667,13,0.049133333,1,0.064566667,1,0.1985,22,0.037466667,30,0.0439,3,0.035633333
Golden-crowned Kinglet,22,0.065333333,1,0.088733333,1,0.1344,1,0.079833333,2,0.9941,30,0.064366667,2,0.056233333,1,0.312066667,11,0.120366667,2,0.048866667,2,0.780066667,17,0.0478,19,0.076133333,5,0.125666667,1,0.045766667,31,0.070133333,1,0.1165,18,0.0472,31,0.061833333,1,0.686233333
Golden-fronted Woodpecker,4,0.1914,1,0.0768,26,0.075466667,31,0.092,31,0.062966667,1,0.165866667,7,0.043066667,27,0.082366667,31,0.0433,6,0.068366667,26,0.084333333,5,0.0579,2,0.076333333,15,0.162666667,9,0.086333333,28,0.043166667,26,0.048866667,2,0.194633333,31,0.049766667,1,0.047433333
Golden-winged Warbler,2,0.134533333,9,0.0445,31,0.074266667,4,0.157166667,18,0.038866667,1,0.115166667,12,0.115566667,8,0.054466667,31,0.092066667,3,0.1412,2,0.2589,31,0.153766667,12,0.0887,2,0.080566667,31,0.057366667,21,0.051133333,2,0.158466667,2,0.095266667,13,0.0376,3,0.099666667
Golden Eagle,30,0.045166667,31,0.0472,2,0.049333333,14,0.1267,15,0.042733333,31,0.035066667,2,0.157533333,1,0.0585,24,0.0441,5,0.038333333,10,0.04,2,0.045166667,15,0.035866667,31,0.039133333,23,0.035433333,31,0.040566667,5,0.0361,2,0.0511,1,0.035333333,26,0.040866667
Grace's Warbler,17,0.0654,5,0.0447,27,0.133266667,16,0.054333333,1,0.637166667,20,0.0556,1,0.125833333,1,0.270666667,30,0.0857,12,0.0384,1,0.045133333,1,0.048666667,16,0.033733333,15,0.0606,1,0.0449,1,0.066133333,18,0.0554,20,0.061666667,16,0.037866667,2,0.048266667
Grasshopper Sparrow,2,0.389266667,1,0.1548,12,0.0457,1,0.939533333,1,0.135266667,1,0.116666667,3,0.2485,2,0.9997,2,0.966466667,3,0.250433333,2,0.154966667,23,0.059666667,30,0.061433333,2,0.208333333,27,0.057166667,31,0.0588,2,0.128,31,0.056766667,1,0.04,22,0.0476
Gray Catbird,31,0.134766667,1,0.999966667,31,0.192033333,3,0.1041,1,0.2818,13,0.070666667,1,0.454466667,24,0.056266667,28,0.124766667,2,0.858866667,31,0.304,31,0.162366667,31,0.110233333,10,0.141166667,31,0.3184,1,0.9824,12,0.080466667,2,0.161133333,31,0.0878,16,0.095966667
Gray Flycatcher,1,0.195566667,23,0.043866667,3,0.1408,2,0.038633333,7,0.058566667,12,0.039033333,2,0.1212,2,0.0656,20,0.0597,6,0.0583,31,0.06,1,0.049466667,1,0.048666667,2,0.080766667,31,0.077033333,15,0.063533333,13,0.048,31,0.062533333,16,0.035,1,0.1841
Great-tailed Grackle,3,0.117066667,1,0.999533333,1,0.174633333,4,0.2026,3,0.358833333,8,0.050733333,2,0.848666667,20,0.087466667,20,0.085933333,31,0.073833333,24,0.046966667,19,0.097566667,31,0.1823,1,0.160966667,31,0.108966667,6,0.055233333,19,0.064666667,31,0.159433333,31,0.094233333,10,0.080233333
Great Blue Heron,1,0.9962,1,0.775566667,2,0.114866667,1,0.910033333,2,0.4745,1,0.940466667,2,0.219833333,8,0.048233333,21,0.102066667,4,0.1534,2,0.899866667,1,1,3,0.437,2,0.9981,2,0.879333333,1,0.9442,2,0.4727,1,0.997066667,1,0.041833333,1,0.1492
Great Crested Flycatcher,31,0.1301,1,0.989933333,3,0.161866667,1,1,3,0.411533333,31,0.084033333,2,0.093,31,0.115133333,31,0.043166667,3,0.3318,18,0.0823,27,0.133366667,3,0.222833333,5,0.198333333,6,0.119033333,15,0.058533333,28,0.091533333,1,0.838033333,31,0.0422,10,0.0704
Great Egret,2,0.9045,15,0.078466667,4,0.104666667,3,0.5111,2,0.5807,2,0.579866667,3,0.094833333,23,0.0437,2,0.440833333,31,0.1495,2,0.1163,1,0.970966667,2,0.48,2,0.967333333,4,0.165033333,1,0.647033333,1,0.883766667,2,0.4719,30,0.035933333,28,0.067666667
Greater Roadrunner,7,0.056766667,3,0.293933333,31,0.090733333,15,0.044333333,6,0.079533333,21,0.037866667,7,0.064166667,25,0.039,4,0.051666667,7,0.099,30,0.039933333,30,0.0553,28,0.0359,13,0.0788,19,0.068866667,29,0.0356,31,0.074566667,2,0.056466667,30,0.0372,2,0.047566667
Greater Yellowlegs,1,0.236266667,29,0.0436,2,0.225866667,30,0.058533333,8,0.063933333,9,0.043933333,31,0.043666667,28,0.040433333,3,0.043366667,15,0.1072,15,0.050333333,2,0.8305,29,0.057366667,3,0.4746,30,0.0478,28,0.0431,9,0.050366667,2,0.152,3,0.0342,1,0.037533333
Green-tailed Towhee,7,0.1436,9,0.052866667,2,0.0897,8,0.0655,13,0.1015,21,0.047366667,1,0.951366667,18,0.067966667,3,0.086333333,5,0.0844,24,0.066833333,7,0.128233333,31,0.0343,31,0.083933333,20,0.099533333,2,0.182366667,10,0.0445,5,0.1078,15,0.042433333,2,0.230866667
Green-winged Teal,2,0.055233333,2,0.046966667,13,0.037066667,18,0.039366667,20,0.039633333,6,0.040166667,5,0.0398,10,0.068933333,17,0.047633333,19,0.0412,7,0.042533333,1,0.0876,30,0.035733333,1,0.048233333,21,0.036566667,11,0.036666667,29,0.046566667,2,0.045233333,27,0.037266667,15,0.037466667
Green Heron,2,0.492633333,6,0.0436,3,0.103,31,0.121866667,3,0.1362,2,0.175433333,20,0.044033333,31,0.0771,1,0.133533333,22,0.060266667,1,0.5493,1,1,2,0.222033333,2,0.193733333,1,0.498033333,1,0.497666667,3,0.2507,2,0.146366667,11,0.0346,1,0.203633333
Hairy Woodpecker,6,0.049533333,2,0.862633333,2,0.098433333,1,1,1,0.999233333,1,0.997966667,3,0.200866667,15,0.055933333,1,0.071666667,2,0.206033333,1,0.277233333,31,0.0968,31,0.0468,28,0.0636,2,0.07,2,0.2341,3,0.097133333,1,0.228933333,1,0.158666667,5,0.087166667
Hammond's Flycatcher,5,0.057266667,31,0.043833333,4,0.082133333,31,0.0576,2,0.311066667,29,0.045933333,3,0.0534,1,0.076966667,6,0.055833333,6,0.049933333,1,0.084966667,31,0.074266667,6,0.0383,6,0.065266667,26,0.0541,31,0.049233333,4,0.0462,1,0.065366667,28,0.0413,3,0.075866667
Henslow's Sparrow,7,0.080533333,12,0.038166667,3,0.041533333,4,0.0461,31,0.039066667,31,0.041566667,31,0.048866667,2,0.073966667,2,0.813366667,31,0.113566667,21,0.040933333,3,0.044233333,11,0.035066667,2,0.050466667,7,0.0436,31,0.043333333,6,0.059166667,31,0.0397,18,0.037533333,26,0.042833333
Hermit Thrush,2,0.721166667,31,0.541266667,14,0.1002,2,0.119766667,2,0.994266667,1,0.1821,5,0.069933333,20,0.056433333,12,0.142033333,3,0.340433333,31,0.091066667,3,0.2942,10,0.045433333,2,0.253166667,2,0.050033333,31,0.0544,8,0.1146,22,0.1005,1,0.673133333,1,0.665933333
Hermit Warbler,1,0.1046,2,0.043566667,31,0.111266667,12,0.088566667,2,0.7436,6,0.1901,2,0.202633333,10,0.0409,8,0.0553,17,0.062933333,31,0.185566667,1,0.173566667,11,0.058266667,31,0.124933333,12,0.170866667,1,0.4256,2,0.058166667,26,0.049266667,1,0.064066667,1,0.086466667
Herring Gull,1,0.3328,2,0.4918,5,0.0774,5,0.156166667,2,0.040733333,1,0.241466667,29,0.0437,30,0.040366667,2,0.048933333,2,0.468666667,11,0.044566667,6,0.1109,2,0.997033333,2,0.962933333,11,0.085466667,1,0.080266667,9,0.178,2,0.184133333,2,0.0429,8,0.0415
Hooded Merganser,30,0.044066667,31,0.046,15,0.0373,1,0.0405,21,0.045966667,2,0.047866667,1,0.0447,4,0.036866667,2,0.1642,12,0.040966667,1,0.063466667,1,0.2073,1,0.069966667,1,0.109133333,1,0.1773,9,0.0349,3,0.0592,2,0.038433333,31,0.035233333,1,0.0375
Hooded Oriole,12,0.065366667,31,0.050966667,2,0.091833333,30,0.059233333,1,0.5222,8,0.086533333,31,0.092733333,13,0.0459,1,0.088566667,1,0.2504,1,0.1272,8,0.1222,15,0.180233333,3,0.063233333,1,0.0873,1,0.152666667,20,0.069633333,4,0.1286,1,0.0432,31,0.105533333
Hooded Warbler,2,0.1742,10,0.047033333,23,0.127633333,2,0.8149,1,0.7955,2,0.2764,3,0.0692,31,0.053233333,2,0.650533333,2,0.198766667,20,0.058266667,2,0.140566667,30,0.058866667,2,0.154633333,24,0.049633333,1,0.2263,1,0.052933333,2,0.217666667,31,0.036266667,9,0.0455
Horned Lark,2,0.934166667,16,0.078633333,2,0.040033333,2,0.934566667,3,0.1065,2,0.406866667,2,0.450833333,2,0.999433333,31,0.088,1,1,2,0.9808,1,0.499833333,2,0.126866667,2,0.213966667,3,0.1732,1,0.3077,1,0.068433333,22,0.064466667,15,0.035466667,1,0.0688
House Finch,2,1,1,0.5671,18,0.089066667,1,0.475533333,1,0.960766667,10,0.0999,1,0.353766667,19,0.0799,2,0.6582,5,0.076733333,1,0.971366667,1,1,5,0.412366667,1,0.860766667,21,0.105133333,2,0.040866667,31,0.269933333,7,0.211433333,31,0.099466667,5,0.1065
House Sparrow,2,1,2,0.999266667,5,0.094033333,1,1,28,0.1559,2,0.782833333,24,0.052233333,1,0.873866667,4,0.235566667,2,0.757233333,1,1,31,0.4049,5,0.376566667,1,0.194633333,30,0.1756,3,0.131766667,25,0.090633333,1,0.998433333,31,0.0558,31,0.158366667
House Wren,2,0.622233333,1,1,29,0.088633333,2,0.996766667,31,0.2563,18,0.078633333,2,0.119166667,2,0.5516,2,0.428166667,31,0.5492,31,0.370033333,1,0.411166667,2,0.267866667,1,0.4751,31,0.3598,5,0.122066667,18,0.074866667,13,0.141633333,1,0.084533333,1,0.457733333
Hutton's Vireo,1,0.157666667,2,0.0523,5,0.1105,5,0.051133333,2,0.097433333,9,0.164866667,23,0.0409,2,0.077033333,1,0.0824,5,0.038766667,15,0.055933333,8,0.085366667,4,0.054266667,1,0.087,14,0.0555,17,0.043933333,19,0.0544,2,0.324133333,1,0.047,5,0.049666667
Inca Dove,21,0.073866667,10,0.118266667,5,0.047,31,0.065366667,2,0.0683,31,0.0573,12,0.061233333,12,0.040166667,20,0.055133333,5,0.065133333,31,0.0713,1,0.0594,4,0.203,5,0.059066667,2,0.1469,3,0.040666667,10,0.066,2,0.0917,29,0.034266667,1,0.049633333
Indigo Bunting,2,1,31,0.167466667,31,0.098333333,2,0.376366667,31,0.084133333,20,0.0651,2,0.978233333,26,0.091966667,2,0.629266667,7,0.494633333,31,0.095233333,1,0.226933333,12,0.283,31,0.284433333,29,0.091233333,25,0.037933333,2,0.962666667,19,0.102733333,31,0.118466667,25,0.0753
Juniper Titmouse,1,0.0492,3,0.0525,31,0.068166667,17,0.051233333,5,0.376366667,8,0.046733333,26,0.0724,1,0.058333333,2,0.049133333,2,0.055766667,18,0.0465,8,0.070533333,23,0.048033333,5,0.041566667,8,0.051266667,5,0.059666667,4,0.194466667,15,0.0527,1,0.045733333,4,0.0715
Kentucky Warbler,4,0.108366667,12,0.056566667,26,0.047266667,1,0.667766667,1,0.499666667,2,0.054366667,3,0.056666667,27,0.0388,31,0.075833333,2,0.047866667,1,0.0716,29,0.041333333,29,0.042233333,21,0.0461,26,0.091666667,31,0.04,2,0.2617,1,0.180966667,3,0.037166667,31,0.066933333
Killdeer,1,0.9936,2,0.982066667,2,0.939066667,1,1,7,0.1615,1,0.995366667,2,0.774033333,2,0.988133333,2,0.970133333,2,1,1,0.9945,2,1,18,0.189566667,1,0.851833333,1,0.0878,3,0.053,2,0.1866,2,0.624666667,23,0.0355,1,0.071
Ladder-backed Woodpecker,10,0.137233333,2,0.1233,7,0.073466667,1,0.058166667,8,0.0637,1,0.045566667,14,0.043766667,1,0.157533333,11,0.05,28,0.051266667,29,0.069466667,1,0.076033333,26,0.0392,20,0.077366667,1,0.0526,4,0.056933333,3,0.0833,9,0.091933333,31,0.051666667,4,0.081033333
Lark Bunting,2,0.174733333,3,0.051433333,22,0.061866667,4,0.043366667,13,0.090933333,9,0.041033333,15,0.034766667,31,0.066833333,15,0.047666667,1,0.118566667,15,0.104933333,26,0.091566667,3,0.039666667,25,0.058866667,31,0.054833333,27,0.038133333,7,0.053466667,2,0.055766667,2,0.036966667,20,0.0385
Lark Sparrow,2,0.5843,31,0.088333333,23,0.049866667,2,0.0696,3,0.057966667,17,0.0429,2,0.811933333,3,0.187933333,29,0.0487,31,0.077233333,1,0.3398,1,0.062033333,17,0.037033333,23,0.063733333,23,0.0397,3,0.068966667,23,0.046766667,2,0.047133333,3,0.037233333,1,0.212166667
Laughing Gull,1,0.240633333,2,0.305666667,14,0.186566667,31,0.1659,2,0.380733333,31,0.1147,7,0.051566667,21,0.042233333,1,0.070666667,31,0.042866667,31,0.3185,7,0.121733333,2,0.949833333,17,0.058666667,1,0.482666667,1,0.274433333,2,0.260366667,2,0.1188,1,0.051333333,31,0.045633333
Lazuli Bunting,24,0.039833333,1,0.069433333,6,0.0399,21,0.054666667,2,0.105333333,2,0.162966667,2,0.490833333,2,0.2765,31,0.0974,31,0.055966667,2,0.1459,10,0.052933333,5,0.037133333,1,0.189,31,0.211333333,1,0.396066667,30,0.054666667,3,0.361933333,3,0.052633333,7,0.053966667
Least Flycatcher,30,0.0827,31,0.074766667,3,0.194833333,1,0.9999,1,0.067866667,2,0.0657,5,0.0516,30,0.037066667,31,0.0544,4,0.0614,11,0.0693,31,0.0616,11,0.065633333,4,0.0814,8,0.049266667,8,0.0488,4,0.115166667,1,0.177533333,19,0.038533333,31,0.053666667
Least Tern,2,0.1015,2,0.1454,17,0.131333333,2,0.075266667,2,0.1616,2,0.063266667,9,0.039766667,1,0.1965,29,0.064666667,31,0.103,2,0.049766667,21,0.053133333,2,0.498666667,3,0.154366667,5,0.342166667,29,0.035666667,2,0.309033333,3,0.300666667,6,0.034633333,26,0.0397
Lesser Goldfinch,3,0.263833333,14,0.120733333,2,0.4506,31,0.043733333,2,0.714466667,2,0.1957,4,0.236933333,3,0.1024,19,0.0805,25,0.1022,30,0.139033333,3,0.521533333,2,0.516166667,24,0.083666667,25,0.088833333,1,0.090466667,28,0.132433333,18,0.077633333,1,0.042333333,4,0.136533333
Lesser Scaup,28,0.0516,3,0.0415,19,0.045833333,30,0.043333333,2,0.0932,31,0.0392,13,0.0395,15,0.052533333,2,0.0789,2,0.2584,30,0.042833333,1,0.3993,18,0.036766667,1,0.133333333,19,0.052466667,31,0.0389,7,0.0489,3,0.062533333,31,0.037933333,31,0.054533333
Limpkin,2,0.0683,1,0.055233333,18,0.116633333,28,0.036033333,1,0.0709,3,0.077566667,2,0.074066667,13,0.049466667,21,0.071766667,1,0.045133333,2,0.212566667,22,0.045133333,5,0.050133333,31,0.088566667,1,0.346766667,2,0.0398,1,0.379866667,31,0.045433333,31,0.038066667,4,0.0358
Lincoln's Sparrow,2,0.072333333,2,0.044666667,1,0.064166667,9,0.0622,2,0.129133333,6,0.054333333,28,0.040566667,6,0.042366667,16,0.045733333,22,0.058966667,1,0.321566667,1,0.280233333,31,0.036,2,0.042433333,29,0.038333333,5,0.049,1,0.052833333,2,0.1407,1,0.0428,3,0.099
Little Blue Heron,2,0.155033333,4,0.0528,10,0.052433333,5,0.078266667,1,0.1047,1,0.089633333,3,0.0727,10,0.043366667,31,0.2352,5,0.190866667,2,0.295633333,8,0.1228,7,0.0825,1,0.311966667,24,0.182466667,1,0.079166667,4,0.1259,6,0.064066667,29,0.0356,1,0.0354
Loggerhead Shrike,2,0.2385,31,0.044433333,19,0.082733333,2,0.0586,3,0.090833333,5,0.059233333,1,0.4185,3,0.2931,2,0.228733333,20,0.0534,19,0.039466667,19,0.058333333,11,0.071133333,31,0.0955,12,0.150966667,5,0.035933333,31,0.1018,17,0.042466667,1,0.035433333,1,0.047233333
Long-billed Curlew,2,0.1454,1,0.047333333,15,0.041566667,30,0.036166667,1,0.065333333,24,0.037033333,28,0.0509,8,0.132066667,2,0.098833333,16,0.068033333,1,0.0494,6,0.1165,2,0.428633333,14,0.038833333,21,0.049033333,6,0.039733333,25,0.065566667,2,0.232033333,9,0.0356,15,0.043933333
Louisiana Waterthrush,2,0.225433333,13,0.0504,28,0.05,2,0.190233333,1,0.048633333,2,0.261333333,3,0.0661,29,0.0382,2,0.049433333,29,0.036166667,1,0.2811,5,0.0578,10,0.035833333,24,0.037366667,31,0.0436,31,0.060133333,7,0.045033333,2,0.2475,30,0.0404,1,0.081133333
Lucy's Warbler,6,0.0553,3,0.0534,31,0.062233333,22,0.0556,2,0.0506,10,0.042433333,1,0.063333333,15,0.047833333,11,0.059733333,3,0.0589,1,0.8202,22,0.048533333,17,0.033933333,6,0.057,2,0.1186,5,0.0579,2,0.118366667,16,0.0676,19,0.045066667,1,0.054966667
MacGillivray's Warbler,2,0.674233333,7,0.056366667,1,0.052966667,2,0.670766667,8,0.169433333,1,0.076233333,2,0.1468,20,0.072933333,4,0.092566667,10,0.047066667,1,0.115933333,1,0.051466667,8,0.036733333,1,0.079466667,9,0.0671,1,0.310633333,17,0.061066667,6,0.207,1,0.105333333,1,0.179733333
Magnolia Warbler,14,0.055666667,3,0.046833333,12,0.076333333,15,0.0737,1,0.995566667,31,0.144866667,7,0.201266667,22,0.047333333,2,0.169666667,3,0.0449,1,0.474466667,31,0.072433333,14,0.056166667,2,0.171333333,10,0.056033333,28,0.040333333,31,0.1173,28,0.044833333,1,0.113666667,1,0.054166667
Mallard,1,0.952633333,8,0.1874,1,0.1164,2,0.949466667,3,0.348066667,2,0.498533333,3,0.218266667,1,0.420366667,14,0.075466667,2,0.760533333,2,0.563566667,1,1,3,0.151066667,1,0.964766667,1,0.2123,30,0.038033333,2,0.994733333,1,0.608233333,1,0.046566667,30,0.057866667
Marbled Godwit,2,0.058266667,3,0.045266667,17,0.0406,1,0.040666667,11,0.052433333,16,0.0563,26,0.061266667,30,0.052133333,31,0.0553,3,0.315533333,1,0.052666667,2,0.149333333,3,0.080833333,29,0.039833333,7,0.052233333,22,0.052666667,2,0.0911,18,0.043033333,31,0.0351,24,0.039533333
Marsh Wren,1,0.279366667,1,0.134333333,18,0.060166667,2,0.306,7,0.073066667,1,0.057366667,1,0.101866667,1,0.074266667,24,0.068566667,7,0.062933333,31,0.0889,2,1,11,0.040833333,31,0.067966667,15,0.109133333,1,0.055533333,2,0.045833333,1,0.3063,31,0.0478,16,0.037633333
Merlin,20,0.0522,3,0.096833333,31,0.0374,3,0.0549,6,0.038566667,17,0.0806,28,0.036066667,6,0.035866667,13,0.041,6,0.035633333,4,0.040233333,3,0.037,12,0.0376,1,0.071333333,18,0.040066667,1,0.034533333,7,0.060266667,15,0.034966667,22,0.034866667,31,0.036933333
Mississippi Kite,2,0.995,31,0.1058,1,0.076266667,1,0.084,9,0.0416,31,0.061233333,1,0.0572,14,0.080333333,8,0.111233333,9,0.044166667,2,0.192566667,15,0.052566667,1,0.046366667,9,0.083833333,11,0.067266667,1,0.037233333,31,0.056733333,31,0.0519,30,0.038866667,31,0.046966667
Mottled Duck,14,0.0506,3,0.072933333,2,0.2256,26,0.036566667,20,0.070166667,31,0.041466667,24,0.035666667,6,0.063266667,1,0.051866667,3,0.0708,27,0.0497,1,0.3868,29,0.122466667,3,0.0512,27,0.1041,31,0.0454,1,0.045566667,9,0.0709,31,0.040066667,1,0.0384
Mountain Bluebird,2,0.2226,2,0.1149,8,0.0476,28,0.050433333,2,0.580333333,2,0.0611,2,0.652,1,0.641266667,31,0.0606,30,0.040866667,21,0.0412,15,0.050566667,20,0.035866667,24,0.039066667,19,0.0548,1,0.189,2,0.057566667,3,0.141133333,1,0.056466667,3,0.071366667
Mountain Chickadee,18,0.1226,1,0.076666667,4,0.105766667,31,0.1352,2,0.809,31,0.1035,2,0.202466667,2,0.127733333,31,0.147533333,13,0.043466667,29,0.0909,4,0.047633333,23,0.0639,24,0.052433333,29,0.151166667,1,0.688733333,1,0.0737,2,0.347333333,15,0.060466667,1,0.6478
Mountain Quail,2,0.054066667,5,0.0406,31,0.095366667,2,0.0398,3,0.045933333,10,0.070633333,1,0.065466667,31,0.044166667,16,0.043566667,15,0.0385,1,0.0472,23,0.0518,10,0.036433333,5,0.043466667,15,0.038766667,1,0.112533333,15,0.125933333,3,0.153666667,31,0.045333333,4,0.0614
Mourning Dove,1,0.5741,1,0.998733333,1,0.886933333,1,0.9846,31,0.406666667,7,0.114966667,31,0.068833333,3,0.199933333,2,0.319566667,4,0.3682,25,0.0862,31,0.0666,7,0.225233333,2,0.283733333,2,0.058766667,2,0.108733333,13,0.054066667,6,0.1522,1,0.0456,2,0.217333333
Mourning Warbler,2,0.184433333,2,0.052133333,16,0.094833333,2,0.7502,14,0.0754,23,0.085533333,21,0.0681,14,0.069466667,1,0.133066667,31,0.055266667,24,0.094833333,3,0.080733333,1,0.045766667,1,0.369433333,29,0.053766667,1,0.082466667,29,0.100966667,2,0.133533333,2,0.054366667,1,0.072033333
Mute Swan,3,0.064733333,4,0.090933333,1,0.087166667,1,0.0504,2,0.0635,6,0.0371,30,0.0617,3,0.040566667,1,0.052033333,2,0.050833333,3,0.057133333,1,0.198466667,31,0.092233333,1,0.9961,1,0.446033333,1,0.0582,2,0.300766667,2,0.0722,30,0.0382,26,0.039733333
Nashville Warbler,3,0.1725,31,0.335333333,6,0.0714,31,0.0791,1,0.1863,17,0.143066667,4,0.116966667,23,0.087833333,2,0.221766667,3,0.379433333,5,0.184,23,0.049666667,11,0.085766667,2,0.9822,2,0.0843,23,0.049766667,27,0.075866667,13,0.058,31,0.0386,1,0.068233333
Neotropic Cormorant,2,0.086133333,3,0.047433333,11,0.042666667,6,0.0468,15,0.0429,12,0.048033333,15,0.069133333,31,0.070733333,11,0.041766667,5,0.054366667,12,0.039166667,3,0.17,30,0.053966667,2,0.822466667,21,0.0599,1,0.035466667,23,0.058933333,4,0.047233333,27,0.034466667,22,0.035466667
Northern Cardinal,3,0.8847,1,1,1,0.9555,2,0.911166667,2,0.738866667,16,0.071433333,4,0.232766667,5,0.0481,4,0.7054,31,0.181433333,2,0.247533333,1,0.964066667,22,0.123466667,31,0.242566667,2,0.350666667,2,0.531566667,2,0.957,24,0.1114,31,0.089,31,0.651866667
Northern Flicker,4,0.092466667,1,1,3,0.0747,4,0.136233333,31,0.2852,31,0.065633333,31,0.066333333,4,0.130933333,4,0.091433333,1,0.125266667,1,0.5023,4,0.074966667,1,0.355833333,6,0.044433333,23,0.0819,31,0.1003,1,0.356066667,2,0.105166667,1,0.0673,5,0.0954
Northern Mockingbird,25,0.142766667,9,0.125433333,31,0.189,1,1,1,1,1,0.942333333,2,0.178933333,2,0.335733333,2,0.9003,31,0.506933333,1,0.9999,15,0.082,25,0.090066667,28,0.104033333,26,0.0749,8,0.1103,1,0.106533333,31,0.250333333,1,0.045166667,31,0.6849
Northern Parula,2,0.3334,2,0.091666667,1,0.259066667,2,0.7752,2,0.4152,2,0.836566667,6,0.054,1,0.0675,1,0.217366667,2,0.425366667,1,0.131433333,1,0.179466667,31,0.211833333,3,0.852166667,31,0.1264,1,0.098866667,31,0.1354,1,0.932233333,30,0.0663,23,0.093
Northern Pintail,2,0.0879,2,0.119733333,30,0.044133333,5,0.0515,13,0.0634,2,0.0392,17,0.0646,31,0.0513,2,0.156033333,3,0.082766667,1,0.0938,1,0.1448,25,0.037433333,31,0.0436,22,0.0416,30,0.036033333,31,0.061733333,1,0.0994,31,0.0449,30,0.041166667
Northern Rough-winged Swallow,2,0.668766667,2,0.087666667,2,0.086033333,1,0.985966667,1,0.4354,7,0.067066667,1,0.0366,2,0.0913,20,0.050733333,1,0.262533333,31,0.090266667,25,0.087166667,26,0.062666667,1,0.9845,2,0.807733333,1,0.0599,2,0.2571,31,0.165333333,1,0.040033333,1,0.208066667
Northern Shoveler,7,0.0803,8,0.0599,25,0.054833333,18,0.047033333,2,0.135333333,7,0.051066667,1,0.054566667,27,0.046,3,0.118866667,1,0.308266667,16,0.047066667,5,0.0964,25,0.036933333,1,0.468866667,3,0.039633333,24,0.034866667,2,0.0741,11,0.0575,22,0.036733333,9,0.036033333
Northern Waterthrush,3,0.066433333,31,0.049733333,3,0.055266667,31,0.052766667,2,0.3281,9,0.159233333,31,0.056566667,1,0.077366667,2,0.0688,3,0.088333333,1,1,1,0.0669,15,0.052366667,3,0.067033333,30,0.044166667,1,0.049933333,31,0.0596,2,0.0782,28,0.035233333,31,0.055666667
Nuttall's Woodpecker,2,0.091266667,1,0.797733333,16,0.075966667,24,0.0655,31,0.054666667,1,0.106266667,2,0.061233333,13,0.079233333,1,0.095433333,5,0.146066667,3,0.543233333,13,0.106466667,3,0.096966667,23,0.0974,1,0.072833333,4,0.107466667,20,0.044366667,1,0.095133333,24,0.036533333,7,0.063333333
Oak Titmouse,4,0.1719,1,0.2301,1,0.115066667,27,0.064633333,2,0.1663,4,0.2442,1,0.261066667,31,0.176266667,1,0.2055,9,0.1007,19,0.084533333,23,0.0697,5,0.199366667,3,0.231133333,31,0.099066667,11,0.053866667,26,0.1686,2,0.161733333,3,0.0443,5,0.075666667
Olive-sided Flycatcher,2,0.1232,8,0.121966667,23,0.070433333,13,0.054733333,3,0.296733333,7,0.038666667,31,0.048633333,28,0.046133333,18,0.037366667,2,0.0462,27,0.0465,3,0.055066667,26,0.078266667,2,0.0753,31,0.0465,1,0.0503,24,0.052533333,1,0.090833333,19,0.0419,1,0.206766667
Orange-crowned Warbler,1,0.072166667,6,0.060066667,8,0.0404,8,0.1014,2,0.146833333,3,0.115533333,30,0.0422,1,0.062,14,0.078266667,31,0.0654,31,0.059733333,25,0.097633333,1,0.063366667,31,0.086966667,14,0.057133333,18,0.044966667,13,0.059966667,2,0.203366667,3,0.038966667,1,0.076366667
Orchard Oriole,2,0.6299,31,0.218033333,1,0.069,2,0.088933333,5,0.082033333,27,0.041633333,2,0.0619,4,0.057966667,1,0.8896,3,0.399233333,1,0.0466,19,0.064266667,1,0.0402,3,0.062666667,29,0.144866667,1,0.0784,2,0.589766667,31,0.079366667,1,0.036133333,1,0.101066667
Osprey,1,0.298233333,17,0.062233333,17,0.050133333,1,0.140566667,31,0.2342,31,0.0728,14,0.049033333,1,0.2728,31,0.062533333,1,0.063333333,31,0.086133333,2,0.5327,2,0.922233333,2,0.999833333,2,0.999933333,1,0.1128,8,0.093866667,1,0.538233333,24,0.0354,1,0.171
Ovenbird,2,0.8125,14,0.429533333,25,0.123866667,1,1,2,0.822933333,1,1,1,0.130466667,2,0.2341,2,0.578466667,5,0.350566667,29,0.1892,4,0.2941,4,0.117133333,2,0.9486,31,0.115633333,1,0.054133333,11,0.0975,1,0.148833333,1,0.399366667,1,0.790533333
Pacific Wren,1,0.072766667,6,0.174666667,18,0.0771,24,0.038833333,1,0.998,1,0.271233333,23,0.0685,1,0.0888,1,0.053933333,7,0.0414,16,0.0894,2,0.053833333,27,0.066566667,30,0.0583,29,0.076233333,1,0.115866667,20,0.0535,2,0.6418,21,0.0626,5,0.044266667
Painted Bunting,2,0.511233333,2,0.4474,26,0.0739,19,0.045166667,9,0.073466667,31,0.051966667,31,0.042066667,2,0.1276,5,0.176866667,8,0.0522,4,0.142966667,4,0.285433333,17,0.103633333,3,0.110866667,23,0.072033333,31,0.0705,1,0.086533333,1,0.0813,30,0.047366667,6,0.049533333
Phainopepla,2,0.0627,2,0.155033333,7,0.070033333,28,0.0543,8,0.058966667,5,0.057033333,2,0.226366667,31,0.051166667,16,0.0781,20,0.044133333,2,0.163966667,17,0.066466667,31,0.072366667,2,0.0552,31,0.045266667,1,0.0969,23,0.1052,15,0.103766667,1,0.037733333,1,0.041166667
Pied-billed Grebe,1,0.6429,14,0.043633333,2,0.405166667,2,0.0815,1,0.057133333,3,0.137466667,2,0.0809,5,0.135966667,22,0.044233333,4,0.148133333,1,0.099966667,1,0.950133333,5,0.0583,1,0.984633333,13,0.041633333,4,0.0352,2,0.244833333,2,0.1134,20,0.035233333,29,0.040266667
Pileated Woodpecker,24,0.064266667,2,0.9189,1,0.14,2,0.732466667,3,0.1482,2,0.4086,2,0.116866667,31,0.054833333,2,0.161,2,0.149033333,2,0.717866667,31,0.086233333,2,0.1991,10,0.1663,16,0.126933333,1,0.0629,23,0.0794,3,0.0537,31,0.038166667,1,0.099133333
Pine Siskin,2,0.149333333,13,0.0473,3,0.0559,4,0.0735,2,0.822966667,26,0.0751,27,0.0481,21,0.0626,31,0.067333333,30,0.125766667,1,0.093033333,4,0.0967,19,0.064966667,31,0.0722,8,0.039166667,1,0.134466667,31,0.089966667,2,0.103166667,31,0.062066667,1,0.218133333
Pine Warbler,2,0.4047,1,0.364633333,29,0.159366667,31,0.067766667,2,0.988133333,8,0.253633333,4,0.062533333,31,0.1824,2,0.652633333,2,0.186666667,31,0.4005,31,0.047533333,31,0.060066667,2,0.1939,31,0.0846,2,0.169933333,5,0.106966667,1,0.0802,1,0.0549,31,0.078133333
Pinyon Jay,12,0.0455,30,0.0554,27,0.049366667,15,0.041633333,4,0.272233333,5,0.0526,2,0.095133333,22,0.039633333,8,0.051866667,31,0.041166667,11,0.062733333,14,0.077733333,1,0.052933333,9,0.057933333,27,0.037966667,30,0.0422,19,0.078133333,5,0.078733333,2,0.0385,3,0.0747
Plumbeous Vireo,2,0.233533333,2,0.057233333,28,0.049066667,2,0.328033333,1,0.743266667,1,0.204233333,6,0.097733333,31,0.0475,10,0.044966667,29,0.056866667,14,0.052166667,8,0.067233333,29,0.208733333,19,0.042933333,28,0.078266667,5,0.070766667,31,0.0871,4,0.067733333,5,0.062933333,4,0.103133333
Prairie Warbler,2,0.563466667,4,0.060066667,31,0.070966667,2,0.086966667,3,0.201266667,12,0.105566667,2,0.994033333,2,0.301133333,13,0.059033333,4,0.043,3,0.2421,6,0.062333333,24,0.042433333,2,0.1563,4,0.0856,31,0.051,31,0.0745,24,0.0388,28,0.033866667,31,0.0693
Prothonotary Warbler,2,0.100933333,31,0.0855,2,0.085066667,2,0.0467,1,0.039466667,1,0.072033333,2,0.0627,15,0.039933333,2,0.0721,7,0.0551,1,0.803233333,2,0.4135,6,0.057933333,2,0.395033333,19,0.055533333,2,0.062833333,3,0.0907,31,0.051433333,28,0.034666667,18,0.037233333
Purple Finch,9,0.103466667,2,0.4227,2,0.157666667,16,0.049933333,10,0.097833333,2,0.1488,2,0.247933333,7,0.055933333,7,0.172666667,2,0.110633333,2,0.272366667,6,0.0475,26,0.135966667,1,0.490266667,3,0.104133333,21,0.063933333,1,0.293433333,2,0.115366667,1,0.036466667,1,0.284666667
Purple Martin,30,0.061933333,31,0.059166667,31,0.0576,1,0.4026,21,0.066766667,2,0.085333333,24,0.044933333,2,0.060933333,1,0.2317,4,0.340066667,1,0.148933333,3,0.101366667,24,0.088866667,2,0.714966667,1,0.171266667,1,0.053166667,1,0.1853,2,0.897966667,31,0.0388,31,0.0846
Pygmy Nuthatch,26,0.109433333,1,0.081566667,19,0.0702,31,0.078866667,2,0.630466667,31,0.072133333,1,0.0837,1,0.071666667,31,0.162266667,17,0.046933333,31,0.0871,1,0.105233333,31,0.152666667,2,0.160433333,23,0.056533333,1,0.2004,2,0.400433333,15,0.083766667,1,0.040266667,4,0.183366667
Pyrrhuloxia,4,0.045466667,1,0.0478,2,0.087133333,22,0.047633333,17,0.045533333,12,0.052866667,2,0.938833333,16,0.069633333,5,0.162166667,31,0.061566667,8,0.040266667,1,0.075733333,1,0.039466667,31,0.126,7,0.0564,4,0.044833333,9,0.070466667,4,0.103033333,6,0.0525,31,0.0443
Red-bellied Woodpecker,2,0.8007,1,1,1,0.551366667,2,1,29,0.098133333,31,0.073966667,31,0.104466667,31,0.113066667,4,0.230966667,22,0.095233333,3,0.4368,1,0.8847,3,0.109766667,3,0.314633333,2,0.442066667,3,0.1274,2,0.115066667,2,0.7491,30,0.041133333,2,0.235733333
Red-breasted Nuthatch,4,0.133466667,1,0.9995,4,0.1054,2,0.126866667,1,0.735833333,1,0.125433333,3,0.104,2,0.752166667,1,0.829166667,3,0.584166667,3,0.119266667,2,0.819933333,27,0.123933333,24,0.115966667,31,0.1095,31,0.2047,31,0.438866667,2,0.2592,2,0.076133333,1,0.651533333
Red-breasted Sapsucker,31,0.054966667,2,0.0868,1,0.063566667,29,0.084833333,31,0.076866667,2,0.060533333,8,0.046033333,30,0.074733333,7,0.0957,11,0.0414,30,0.0416,12,0.060633333,3,0.068933333,4,0.1305,15,0.072233333,4,0.0845,4,0.081266667,3,0.116,3,0.048,21,0.055466667
Red-eyed Vireo,3,0.4481,31,0.467033333,15,0.1162,2,1,5,0.1655,2,0.9456,1,0.119466667,1,0.7207,1,1,2,0.155,4,0.5784,1,0.984,23,0.076866667,30,0.0793,31,0.086,1,0.849433333,2,0.061033333,3,0.177866667,1,0.225133333,1,0.568866667
Red-headed Woodpecker,24,0.107166667,15,0.063666667,2,0.089066667,2,0.051733333,13,0.101166667,4,0.048733333,25,0.0535,19,0.046933333,1,0.161866667,31,0.119533333,6,0.0896,16,0.071466667,2,0.112233333,2,0.1766,31,0.055666667,31,0.036833333,2,0.594266667,2,0.150766667,22,0.0348,11,0.040666667
Red-naped Sapsucker,25,0.0459,27,0.0542,31,0.0406,2,0.076733333,10,0.105733333,7,0.059666667,1,0.0561,26,0.0685,12,0.043233333,30,0.053966667,1,0.312233333,22,0.0376,1,0.051,8,0.050066667,18,0.0427,1,0.039633333,11,0.0423,13,0.065033333,1,0.0657,20,0.043366667
Red-shouldered Hawk,7,0.163733333,2,0.5574,2,0.408033333,1,0.5033,9,0.092133333,31,0.0814,31,0.0499,3,0.3172,31,0.114466667,8,0.137,1,0.798266667,1,0.380666667,2,0.279666667,2,0.051666667,9,0.1115,5,0.064633333,2,0.068966667,2,0.451733333,31,0.089666667,31,0.096033333
Red-tailed Hawk,27,0.108833333,1,0.352866667,6,0.066866667,2,0.052766667,7,0.0948,16,0.0504,1,0.527966667,2,0.385866667,1,0.120066667,2,0.990766667,22,0.0484,2,0.738566667,5,0.1393,5,0.073,5,0.083533333,15,0.056366667,4,0.0789,30,0.063133333,31,0.049066667,1,0.042766667
Red-winged Blackbird,2,0.9991,12,0.1953,1,0.052466667,1,1,25,0.2102,1,1,2,0.6666,3,0.289033333,2,1,2,1,2,0.987566667,2,1,16,0.190333333,1,1,29,0.1426,3,0.1394,2,0.127233333,2,0.812566667,31,0.079466667,31,0.5438
Red Crossbill,2,0.075566667,1,0.103133333,31,0.119166667,29,0.0557,2,0.958733333,31,0.084466667,4,0.085366667,19,0.083733333,28,0.045366667,31,0.080466667,12,0.0413,1,0.046533333,4,0.0405,31,0.0518,24,0.0838,1,0.144966667,4,0.100466667,13,0.066033333,31,0.036666667,1,0.2365
Redhead,7,0.058433333,6,0.047966667,24,0.054266667,20,0.045,12,0.0381,29,0.0553,1,0.0676,2,0.050366667,15,0.064466667,4,0.098233333,4,0.048633333,2,0.740766667,18,0.037766667,1,0.7645,25,0.058133333,11,0.0361,1,0.0659,1,0.1432,15,0.034833333,7,0.035933333
Ring-billed Gull,4,0.1277,1,0.687133333,1,0.914266667,2,0.113166667,2,0.364133333,18,0.072733333,5,0.0685,8,0.102733333,10,0.122566667,31,0.127466667,2,0.123033333,1,0.444033333,26,0.066766667,18,0.222466667,1,0.073633333,30,0.048766667,2,0.997733333,2,0.476166667,2,0.034133333,31,0.066866667
Ring-necked Pheasant,2,0.846066667,11,0.095433333,1,0.083833333,2,0.156133333,2,0.0735,1,0.0507,12,0.052233333,1,0.407533333,2,0.2657,2,0.202466667,27,0.055933333,2,0.399233333,18,0.039333333,19,0.0531,3,0.101133333,3,0.0726,8,0.045966667,2,0.309466667,3,0.0374,1,0.072233333
Rock Pigeon,2,0.9494,2,0.8868,18,0.094966667,1,0.999466667,2,0.874666667,1,0.997766667,2,0.280433333,3,0.124233333,2,0.2199,2,0.817566667,2,0.156466667,1,0.075366667,2,0.450466667,2,0.0849,2,0.743666667,30,0.05,13,0.063833333,1,0.1996,31,0.041,8,0.065766667
Rock Wren,4,0.086733333,11,0.037833333,7,0.095466667,3,0.048366667,23,0.080366667,31,0.051133333,2,0.400233333,1,0.661666667,2,0.160333333,17,0.058666667,6,0.062566667,29,0.084933333,31,0.207933333,3,0.178866667,31,0.0399,3,0.054,2,0.0969,1,0.999566667,26,0.037633333,12,0.057266667
Rose-breasted Grosbeak,16,0.119766667,2,0.919566667,1,0.154933333,2,0.997466667,31,0.138533333,1,0.0507,15,0.061866667,2,0.1605,7,0.134833333,6,0.108266667,31,0.225166667,31,0.467866667,3,0.1465,3,0.342366667,31,0.766566667,1,0.0544,3,0.1953,31,0.140633333,4,0.039066667,1,0.410666667
Roseate Spoonbill,31,0.052366667,8,0.0499,5,0.308166667,28,0.039666667,1,0.1382,2,0.071866667,5,0.073233333,1,0.728533333,22,0.062033333,6,0.079333333,5,0.0475,4,0.139133333,17,0.042166667,3,0.101433333,1,0.152133333,2,0.058366667,31,0.054566667,30,0.0384,2,0.034266667,11,0.044233333
Royal Tern,3,0.051033333,31,0.051033333,2,0.188166667,30,0.0734,1,0.0651,19,0.044033333,1,0.045066667,1,0.059666667,12,0.083666667,31,0.056433333,28,0.050533333,12,0.106833333,2,0.6571,2,0.065133333,8,0.073166667,2,0.044833333,2,0.6507,3,0.1278,12,0.034933333,31,0.061766667
Ruby-crowned Kinglet,24,0.1082,25,0.0764,14,0.0772,21,0.056366667,1,0.855633333,23,0.050866667,4,0.091066667,22,0.071466667,3,0.161166667,27,0.0868,31,0.128566667,2,0.061666667,13,0.206066667,3,0.061566667,2,0.047333333,3,0.1278,2,0.2252,2,0.094466667,3,0.077733333,1,0.377666667
Ruby-throated Hummingbird,1,0.998366667,1,0.649666667,2,0.852266667,1,0.999866667,4,0.216466667,1,0.8839,5,0.247733333,4,0.0725,1,0.1794,2,0.992366667,7,0.1303,1,0.463933333,3,0.170933333,31,0.0541,7,0.097866667,13,0.0816,6,0.0964,6,0.294833333,31,0.076566667,1,0.243566667
Ruddy Duck,2,0.057633333,31,0.044566667,2,0.0687,8,0.045,27,0.041233333,31,0.0717,16,0.039866667,2,0.062766667,25,0.051266667,3,0.079766667,16,0.0476,2,0.5779,7,0.0398,1,0.9993,20,0.0554,28,0.034566667,2,0.345433333,4,0.069,22,0.033633333,5,0.034733333
Ruffed Grouse,29,0.051933333,31,0.0586,31,0.065933333,1,0.084766667,12,0.042833333,1,0.2096,24,0.037866667,31,0.0378,28,0.095266667,3,0.045633333,31,0.088866667,20,0.044066667,7,0.04,2,0.231566667,22,0.053,5,0.036866667,5,0.0611,31,0.047833333,1,0.046766667,16,0.0369
Rufous-crowned Sparrow,2,0.1276,31,0.050466667,24,0.054833333,1,0.090766667,25,0.044733333,30,0.043666667,2,0.135833333,3,0.042133333,18,0.045966667,14,0.052433333,2,0.045833333,4,0.047766667,17,0.038566667,2,0.1087,31,0.0481,3,0.0452,2,0.131733333,2,0.0972,8,0.051833333,2,0.081966667
Rufous Hummingbird,9,0.052833333,5,0.065033333,16,0.115333333,17,0.0476,5,0.3137,2,0.3393,1,0.165033333,31,0.077033333,26,0.1068,1,0.1018,29,0.058866667,24,0.053733333,27,0.109433333,30,0.071133333,2,0.064433333,2,0.0399,8,0.248,28,0.065633333,15,0.049433333,31,0.073
Sage Thrasher,2,0.122233333,3,0.041966667,1,0.060633333,2,0.072266667,19,0.0911,30,0.230733333,5,0.394766667,1,0.257766667,3,0.3821,8,0.100433333,5,0.0838,2,0.126166667,1,0.043266667,28,0.043166667,16,0.054166667,1,0.103166667,9,0.069133333,2,0.247933333,12,0.037733333,19,0.085066667
Sagebrush Sparrow,24,0.0551,25,0.039866667,16,0.054566667,17,0.037433333,14,0.053733333,18,0.053233333,2,0.4057,2,0.068866667,13,0.0473,19,0.048033333,2,0.133866667,2,0.067333333,4,0.042766667,3,0.0437,13,0.055366667,5,0.051633333,18,0.045833333,4,0.0746,3,0.061133333,31,0.042366667
Sandhill Crane,2,0.904233333,2,0.101633333,3,0.047666667,1,0.128766667,1,0.121866667,28,0.066066667,1,0.0367,3,0.1147,30,0.0743,2,0.970633333,12,0.1013,2,0.997966667,27,0.042633333,31,0.1203,19,0.128133333,2,0.042533333,5,0.066033333,7,0.138233333,14,0.034233333,31,0.088833333
Savannah Sparrow,2,0.956133333,18,0.0496,20,0.0576,1,0.9997,1,0.6344,1,0.742033333,6,0.097533333,7,0.092966667,1,0.733666667,1,0.969866667,1,0.6325,31,0.150233333,4,0.101633333,3,0.286833333,31,0.157866667,12,0.035566667,31,0.105833333,2,0.177,31,0.0513,1,0.088533333
Say's Phoebe,2,0.151766667,3,0.1504,12,0.051666667,7,0.0607,1,0.283266667,11,0.133766667,6,0.111333333,2,0.396633333,1,0.3243,11,0.052,1,0.0665,1,0.054166667,6,0.069566667,31,0.085133333,12,0.0874,5,0.040033333,31,0.056133333,2,0.065233333,31,0.038933333,1,0.159366667
Scaled Quail,2,0.088866667,1,0.069,31,0.182033333,23,0.059633333,31,0.098,5,0.037766667,2,0.0716,2,0.387266667,8,0.038533333,2,0.056766667,6,0.1005,3,0.203,2,0.0378,2,0.088466667,23,0.045366667,2,0.061633333,18,0.114466667,3,0.111466667,2,0.076433333,2,0.0514
Scarlet Tanager,2,0.999266667,1,0.0872,31,0.085066667,2,1,2,0.436366667,2,0.640766667,31,0.0862,4,0.1521,1,0.445933333,2,0.065333333,31,0.102066667,7,0.047733333,16,0.0438,31,0.063166667,31,0.123866667,18,0.0701,13,0.101766667,1,0.527633333,7,0.061133333,5,0.198133333
Scissor-tailed Flycatcher,2,0.741766667,5,0.065,12,0.0609,2,0.098166667,2,0.191233333,1,0.2388,16,0.047566667,2,0.061133333,2,0.078933333,31,0.0626,14,0.041866667,23,0.046266667,2,0.0843,30,0.060633333,15,0.071766667,31,0.050233333,3,0.183333333,13,0.070166667,30,0.037333333,1,0.0588
Snowy Egret,1,0.1269,14,0.067,22,0.053733333,2,0.1421,13,0.061366667,1,0.1694,1,0.131066667,4,0.0497,18,0.065033333,24,0.056933333,30,0.057966667,2,0.999866667,2,0.861566667,3,0.426366667,3,0.1067,1,0.064533333,7,0.088233333,2,0.1581,5,0.0385,18,0.039266667
Song Sparrow,1,0.2019,1,0.254333333,13,0.074233333,9,0.2634,23,0.1264,1,0.997166667,3,0.121333333,31,0.283333333,1,1,1,1,1,0.9835,1,0.866133333,5,0.146666667,31,0.0847,2,0.146933333,1,0.997866667,16,0.052566667,24,0.0889,1,0.247933333,31,0.177666667
Sora,5,0.0974,31,0.059966667,1,0.064966667,2,0.0915,3,0.0559,31,0.0491,13,0.039466667,8,0.054333333,31,0.042133333,4,0.0426,11,0.040566667,2,0.589133333,5,0.035666667,15,0.055266667,5,0.038333333,2,0.034466667,1,0.049,2,0.0385,11,0.038466667,1,0.042333333
Spotted Sandpiper,1,0.9332,18,0.049233333,1,0.525733333,5,0.125433333,1,0.416433333,6,0.045133333,6,0.065733333,2,0.052033333,9,0.0574,1,0.949666667,10,0.0409,1,0.817566667,11,0.159633333,2,0.9671,1,0.754933333,1,0.078566667,1,0.2663,5,0.140566667,31,0.048933333,1,0.068266667
Spotted Towhee,16,0.084566667,2,0.763233333,9,0.087633333,31,0.073933333,5,0.6824,31,0.126433333,1,0.1922,4,0.159333333,20,0.042566667,22,0.071066667,1,0.629733333,12,0.108166667,31,0.1346,2,0.080966667,22,0.080533333,23,0.0465,14,0.131533333,2,0.998266667,31,0.055633333,6,0.168666667
Steller's Jay,1,0.119966667,26,0.112133333,2,0.295766667,31,0.0921,2,0.977533333,5,0.2103,21,0.0543,31,0.101833333,4,0.0441,26,0.1494,19,0.1051,1,0.171933333,10,0.141566667,3,0.455033333,27,0.0719,8,0.073066667,1,0.090266667,1,0.484933333,31,0.0426,3,0.180266667
Summer Tanager,2,0.357433333,2,0.165933333,1,0.047266667,2,0.854166667,2,0.9785,1,0.758,2,0.140966667,2,0.0564,7,0.119633333,2,0.061666667,2,0.897133333,6,0.0878,30,0.042333333,1,0.071533333,3,0.431533333,1,0.1583,6,0.059533333,7,0.077433333,25,0.045266667,31,0.069666667
Swainson's Hawk,2,0.1127,2,0.127433333,17,0.0516,4,0.049566667,5,0.070166667,9,0.048066667,3,0.068033333,6,0.122366667,6,0.088633333,2,0.452966667,22,0.054,28,0.071433333,31,0.0369,31,0.0545,15,0.042666667,19,0.0358,6,0.079066667,5,0.270866667,31,0.041833333,5,0.044133333
Swainson's Thrush,5,0.136133333,2,0.7211,9,0.1082,31,0.140066667,2,0.495666667,2,0.1167,18,0.057033333,31,0.057933333,22,0.130333333,1,0.081533333,9,0.062,2,0.492666667,4,0.093633333,2,0.178066667,25,0.1028,19,0.084433333,1,0.240633333,31,0.159266667,31,0.175866667,4,0.126766667
Swainson's Warbler,4,0.0554,3,0.036966667,26,0.040233333,24,0.0434,17,0.045833333,13,0.080533333,3,0.058133333,5,0.045066667,1,0.059466667,1,0.045366667,1,0.1307,18,0.0464,31,0.0408,7,0.0419,26,0.072233333,1,0.039066667,7,0.051933333,14,0.040266667,2,0.039666667,2,0.034566667
Swallow-tailed Kite,1,0.071633333,1,0.059533333,7,0.058466667,30,0.036333333,1,0.043466667,4,0.058166667,29,0.051833333,24,0.040333333,20,0.047033333,28,0.043333333,18,0.056033333,31,0.053066667,16,0.048666667,1,0.0784,31,0.078866667,31,0.034833333,13,0.0418,5,0.0414,30,0.044266667,4,0.038566667
Swamp Sparrow,2,0.8278,31,0.0621,31,0.227066667,2,0.186033333,31,0.050233333,13,0.042433333,31,0.0902,31,0.0605,31,0.149366667,9,0.047333333,1,1,1,0.994733333,4,0.055466667,1,0.461966667,17,0.068566667,1,0.4967,2,0.071666667,31,0.059533333,1,0.054066667,31,0.042133333
Townsend's Solitaire,1,0.087033333,23,0.0417,3,0.041566667,17,0.040066667,1,0.220666667,17,0.041266667,2,0.060966667,10,0.056933333,4,0.050933333,6,0.040166667,2,0.0604,18,0.0429,23,0.035933333,8,0.0571,25,0.051966667,1,0.0474,31,0.057533333,1,0.220566667,27,0.044033333,6,0.073433333
Townsend's Warbler,25,0.037633333,7,0.0351,31,0.148133333,3,0.046166667,2,0.703966667,3,0.0667,31,0.0737,2,0.051533333,4,0.0493,31,0.096366667,13,0.049266667,8,0.039033333,27,0.267133333,9,0.057266667,7,0.0418,1,0.091133333,20,0.082366667,7,0.100066667,3,0.067233333,2,0.107533333
Tree Swallow,2,0.998566667,14,0.139033333,9,0.105766667,1,0.962166667,1,0.999833333,1,0.9787,31,0.125766667,31,0.154666667,1,0.864766667,1,0.5874,2,0.46,2,1,26,0.046233333,2,0.928866667,31,0.411933333,1,0.1221,13,0.103133333,1,0.999966667,1,0.084533333,31,0.256866667
Tricolored Heron,28,0.061933333,12,0.046666667,19,0.077966667,31,0.048633333,8,0.053766667,31,0.052133333,30,0.049966667,30,0.041433333,17,0.050366667,2,0.075766667,30,0.0432,2,0.9758,3,0.150366667,1,0.105966667,1,0.1833,1,0.051633333,26,0.061,23,0.046533333,10,0.034866667,26,0.038266667
Trumpeter Swan,10,0.0438,29,0.0387,3,0.0928,1,0.257366667,2,0.051733333,28,0.055933333,1,0.049833333,11,0.0404,21,0.0375,2,0.0818,1,0.082233333,2,0.3024,9,0.065433333,2,0.585166667,13,0.0861,16,0.0345,2,0.152033333,2,0.126066667,5,0.034866667,22,0.0357
Tufted Titmouse,14,0.114233333,2,1,1,0.170966667,1,1,30,0.111566667,1,1,13,0.1015,31,0.123633333,2,0.978466667,2,0.7417,1,0.717966667,2,0.6986,3,0.2646,3,0.067433333,27,0.0883,31,0.184033333,31,0.110866667,9,0.1678,1,0.057133333,31,0.153066667
Turkey Vulture,10,0.137366667,13,0.189466667,10,0.1412,1,0.7975,1,0.393366667,31,0.126566667,1,0.0714,4,0.092133333,2,0.102766667,4,0.623166667,31,0.0756,31,0.080233333,21,0.062366667,1,0.604066667,18,0.1584,2,0.165833333,1,0.3157,31,0.141966667,22,0.035033333,2,0.124433333
Upland Sandpiper,2,0.300666667,21,0.041633333,12,0.103466667,2,0.223033333,2,0.068266667,2,0.112633333,3,0.126,4,0.109233333,8,0.060733333,3,0.277566667,2,0.051266667,9,0.084933333,27,0.093133333,23,0.045533333,27,0.043566667,27,0.0509,2,0.092366667,3,0.0608,2,0.035633333,1,0.0455
Varied Thrush,31,0.049566667,26,0.0395,14,0.252666667,27,0.056966667,2,0.6316,16,0.0485,14,0.0629,4,0.062033333,31,0.0792,10,0.042,23,0.040533333,2,0.056266667,31,0.045433333,6,0.043133333,9,0.046066667,19,0.041333333,4,0.041466667,3,0.116333333,1,0.1096,1,0.165133333
Vaux's Swift,27,0.038966667,5,0.0521,7,0.0429,19,0.053433333,22,0.074366667,25,0.062533333,1,0.043866667,16,0.044366667,20,0.043533333,22,0.043,5,0.051566667,4,0.238066667,27,0.056733333,31,0.1104,30,0.059,1,0.0587,1,0.053233333,1,0.072566667,27,0.035833333,31,0.045333333
Veery,5,0.145533333,8,0.069966667,5,0.101166667,2,0.998366667,1,0.068466667,2,0.992133333,3,0.256733333,14,0.047,31,0.151633333,2,0.091033333,2,1,8,0.105766667,11,0.058966667,17,0.0695,31,0.062333333,1,0.056833333,8,0.184,31,0.1044,30,0.045266667,1,0.254966667
Verdin,29,0.106466667,19,0.132333333,31,0.0838,31,0.0443,8,0.068566667,1,0.047133333,1,0.347133333,1,0.135266667,31,0.0455,16,0.0587,15,0.053466667,29,0.063133333,12,0.0575,13,0.1057,8,0.058266667,4,0.044633333,29,0.055866667,31,0.128266667,11,0.039733333,1,0.061166667
Vermilion Flycatcher,1,0.050766667,17,0.039566667,25,0.043433333,29,0.038533333,7,0.054433333,18,0.041,3,0.088066667,15,0.069,24,0.036933333,30,0.088633333,7,0.0504,4,0.130466667,31,0.0364,1,0.0448,25,0.074066667,5,0.082633333,13,0.0441,1,0.088466667,2,0.040233333,1,0.048333333
Violet-green Swallow,3,0.2264,15,0.058066667,12,0.091266667,1,0.158133333,5,0.2141,31,0.196966667,1,0.410666667,6,0.041066667,18,0.171933333,5,0.2238,1,0.2641,16,0.0843,27,0.100866667,30,0.136033333,27,0.1024,9,0.081433333,1,0.870366667,20,0.093333333,28,0.061833333,2,0.219166667
Virginia's Warbler,2,0.0549,26,0.0428,16,0.048533333,13,0.086066667,2,0.4471,31,0.046833333,7,0.0928,12,0.072366667,31,0.056366667,2,0.035566667,14,0.0487,8,0.043266667,1,0.050333333,31,0.039766667,16,0.043433333,2,0.083866667,31,0.1428,2,0.078533333,1,0.094366667,1,0.060133333
Virginia Rail,5,0.079433333,1,0.050566667,1,0.043366667,4,0.0371,4,0.039,1,0.036866667,2,0.044133333,31,0.048933333,1,0.067933333,8,0.082533333,1,0.891766667,1,0.970433333,2,0.053466667,2,0.059,30,0.041633333,2,0.0349,3,0.079433333,2,0.051533333,23,0.034133333,3,0.043133333
Warbling Vireo,2,0.995533333,1,0.695933333,9,0.0745,31,0.142733333,4,0.2274,18,0.0818,1,0.070133333,2,0.1686,5,0.0639,2,0.678633333,29,0.114766667,2,0.898666667,29,0.109766667,2,0.781966667,2,0.967766667,6,0.144333333,31,0.179766667,3,0.2884,1,0.207833333,5,0.096866667
Western Bluebird,1,0.265466667,1,0.146766667,1,0.079466667,1,0.0902,2,0.4823,2,0.046166667,3,0.085066667,1,0.7965,31,0.061433333,8,0.0777,26,0.063666667,15,0.066833333,10,0.071433333,4,0.2399,3,0.055933333,1,0.174366667,3,0.092966667,1,0.234933333,30,0.042533333,5,0.102466667
Western Flycatcher,31,0.184933333,2,0.530233333,7,0.099533333,7,0.1005,1,0.9291,18,0.119266667,26,0.0631,1,0.1904,20,0.1536,6,0.0686,8,0.066766667,14,0.0556,30,0.064,12,0.121333333,1,0.148633333,2,0.055066667,4,0.138,2,0.612566667,3,0.181,1,0.223166667
Western Grebe,2,0.104866667,13,0.0445,4,0.119966667,2,0.055433333,2,0.080666667,31,0.0426,22,0.0437,31,0.128666667,12,0.0756,4,0.072066667,1,0.104733333,3,0.076833333,2,0.950733333,2,1,7,0.077166667,31,0.035833333,6,0.0625,1,0.164666667,30,0.0464,31,0.045733333
Western Gull,5,0.0741,2,0.071733333,2,0.1915,14,0.058933333,4,0.102866667,4,0.075933333,4,0.050233333,1,0.126466667,21,0.0611,2,0.084333333,19,0.066366667,16,0.0662,2,0.7787,23,0.0843,3,0.114133333,25,0.091133333,2,0.250933333,2,0.068566667,1,0.049966667,6,0.045133333
Western Kingbird,28,0.1179,1,0.2438,11,0.049633333,1,0.2401,2,0.669833333,5,0.0869,2,0.9014,3,0.065566667,12,0.044966667,4,0.416233333,2,0.104033333,1,0.069633333,30,0.05,1,0.166666667,22,0.072633333,1,0.0519,1,0.219566667,1,0.178266667,17,0.039066667,1,0.3596
Western Meadowlark,2,0.997766667,22,0.088566667,31,0.1094,2,0.719666667,2,0.535,6,0.148033333,2,0.955233333,2,0.987133333,31,0.0783,3,0.6186,3,0.199333333,6,0.177733333,26,0.0565,17,0.065333333,3,0.233066667,1,0.403966667,14,0.047666667,2,0.769033333,16,0.041466667,1,0.133066667
Western Tanager,1,0.232533333,31,0.045566667,5,0.0658,2,0.1462,2,0.941,2,0.6632,14,0.053166667,23,0.078666667,1,0.136333333,3,0.191266667,18,0.163666667,5,0.104733333,19,0.121366667,8,0.089133333,31,0.0868,31,0.116066667,30,0.106766667,2,0.224266667,31,0.148966667,9,0.0647
Western Wood-Pewee,3,0.156866667,1,0.387,5,0.0573,31,0.111566667,2,0.975733333,8,0.074066667,23,0.072266667,10,0.046333333,3,0.220033333,28,0.056033333,2,0.931566667,19,0.1325,5,0.053633333,31,0.057066667,1,0.09,31,0.0485,31,0.206866667,2,0.260266667,31,0.094533333,4,0.2144
White-breasted Nuthatch,6,0.175566667,2,0.963966667,1,0.690666667,1,1,1,0.6727,1,0.9806,2,0.1896,4,0.2107,2,0.856966667,1,0.902666667,12,0.169,1,0.1439,2,0.169366667,3,0.139033333,1,0.3885,3,0.0781,16,0.1244,2,0.435033333,1,0.043433333,6,0.2279
White-crowned Sparrow,14,0.0491,20,0.041933333,14,0.1133,18,0.048066667,2,0.4197,1,0.265833333,1,0.069466667,28,0.0541,2,0.7763,13,0.048866667,3,0.162266667,5,0.2026,30,0.148466667,14,0.0757,19,0.076466667,2,0.144,2,0.1223,1,0.050433333,1,0.0545,16,0.122266667
White-eyed Vireo,19,0.187,31,0.060933333,15,0.105,2,0.232033333,4,0.2835,2,0.734333333,3,0.208866667,14,0.060866667,29,0.058733333,3,0.071566667,2,0.989233333,31,0.046333333,1,0.0421,6,0.0954,2,0.082333333,1,0.107166667,11,0.042566667,3,0.1098,30,0.034566667,31,0.1053
White-faced Ibis,2,0.395633333,2,0.046833333,23,0.074766667,14,0.071266667,3,0.073933333,14,0.043466667,9,0.079666667,13,0.047533333,3,0.073066667,5,0.187533333,22,0.041733333,5,0.1714,31,0.0728,2,0.104833333,31,0.049366667,2,0.040833333,31,0.052233333,4,0.1283,31,0.041066667,5,0.0379
White-headed Woodpecker,26,0.0437,19,0.046866667,4,0.0448,5,0.042433333,3,0.178166667,31,0.062033333,29,0.0741,2,0.0463,2,0.052833333,3,0.042566667,4,0.0419,13,0.054333333,18,0.0345,23,0.2199,16,0.046,12,0.0434,31,0.0922,1,0.140366667,4,0.037133333,4,0.049333333
White-throated Sparrow,31,0.3757,2,0.1259,6,0.092266667,5,0.0519,2,0.085133333,14,0.0782,3,0.146166667,25,0.0516,10,0.233466667,1,0.050366667,2,0.998466667,17,0.052466667,23,0.071033333,1,0.2599,2,0.0739,5,0.138233333,12,0.0945,31,0.197433333,8,0.0431,1,0.884466667
White-throated Swift,2,0.0759,14,0.049466667,17,0.045633333,2,0.100266667,2,0.0636,14,0.0904,6,0.1165,31,0.048766667,31,0.053966667,1,0.052333333,8,0.044833333,19,0.083133333,4,0.045266667,27,0.0606,31,0.049166667,1,0.042266667,31,0.048866667,2,0.552966667,31,0.036933333,17,0.044333333
White-winged Dove,2,0.873666667,4,0.088333333,31,0.109433333,30,0.103233333,24,0.0617,8,0.0828,31,0.0953,2,0.220466667,1,0.961033333,31,0.081066667,28,0.065266667,18,0.049566667,12,0.131033333,29,0.201966667,29,0.109766667,31,0.046533333,30,0.076633333,5,0.152433333,31,0.100966667,31,0.179933333
White Ibis,30,0.089866667,31,0.103633333,26,0.089666667,2,0.0502,2,0.0862,30,0.0407,5,0.086866667,10,0.077933333,23,0.065133333,1,0.2973,11,0.043233333,1,0.998766667,11,0.107,3,0.127,17,0.108633333,1,0.160233333,12,0.063366667,24,0.0461,28,0.044366667,29,0.0491
Wild Turkey,2,0.287433333,2,0.460966667,25,0.0682,2,0.980566667,6,0.114666667,4,0.071666667,2,0.042433333,2,0.093433333,31,0.0714,1,0.414466667,2,0.537266667,29,0.059066667,7,0.082966667,2,0.4497,1,0.0679,31,0.040766667,2,0.1105,1,0.3343,31,0.035933333,11,0.066733333
Willet,17,0.083366667,28,0.0485,2,0.0906,30,0.049233333,8,0.152966667,2,0.048933333,1,0.1437,31,0.0492,1,0.097766667,9,0.039366667,2,0.050933333,2,0.5334,2,0.856166667,8,0.100666667,23,0.061166667,17,0.0362,2,0.2061,8,0.070333333,11,0.0356,4,0.037366667
Willow Flycatcher,2,0.864933333,1,0.063633333,13,0.0574,1,0.728633333,31,0.107033333,13,0.107233333,3,0.096266667,1,0.1037,2,0.573533333,2,0.158433333,1,0.9977,1,0.9882,2,0.105933333,10,0.0498,31,0.171566667,1,0.324,19,0.047266667,5,0.125333333,31,0.043966667,31,0.114033333
Wilson's Phalarope,2,0.121066667,13,0.036466667,1,0.041666667,11,0.058166667,2,0.0672,22,0.0386,1,0.040433333,21,0.0624,12,0.0457,2,0.203966667,2,0.198933333,2,0.087433333,2,0.0716,1,0.2698,31,0.060233333,10,0.036633333,3,0.061033333,6,0.085866667,26,0.039566667,3,0.039733333
Wilson's Snipe,3,0.269666667,4,0.052333333,3,0.0471,1,0.196633333,1,0.117733333,31,0.111533333,6,0.037733333,8,0.055933333,2,0.987966667,2,0.059766667,1,0.713566667,2,0.998033333,19,0.0394,1,0.112733333,4,0.094566667,31,0.045866667,31,0.0474,1,0.390166667,3,0.036466667,19,0.0411
Wilson's Warbler,10,0.0584,6,0.237666667,13,0.055866667,2,0.262533333,2,0.193666667,1,0.0647,31,0.079766667,1,0.368366667,31,0.1583,5,0.043333333,25,0.0494,2,0.057433333,5,0.080966667,27,0.051466667,13,0.082166667,15,0.059566667,26,0.102633333,29,0.136733333,31,0.054166667,3,0.1577
Winter Wren,3,0.126533333,18,0.0457,6,0.313333333,2,0.0637,2,0.454733333,2,0.2564,31,0.1989,4,0.1075,1,0.444733333,4,0.039266667,1,0.4036,1,0.113166667,5,0.1031,1,0.1765,14,0.054633333,2,0.081633333,1,0.088566667,1,0.1261,12,0.0402,1,0.6485
Wood Duck,2,0.124633333,2,0.089466667,12,0.075466667,13,0.053733333,22,0.0391,1,0.1989,2,0.0598,2,0.040333333,3,0.1402,2,0.119166667,1,1,1,1,10,0.105733333,1,0.937433333,1,0.265633333,1,0.351633333,2,0.3056,3,0.121,31,0.0349,1,0.066433333
Wood Stork,31,0.076933333,4,0.069466667,13,0.081866667,30,0.040333333,1,0.050966667,15,0.039466667,1,0.082266667,12,0.0486,16,0.048433333,14,0.044766667,1,0.0566,1,0.526133333,3,0.115833333,31,0.2425,7,0.063566667,1,0.075066667,24,0.052133333,10,0.045533333,14,0.034866667,29,0.034933333
Wood Thrush,1,0.7914,2,0.5685,1,0.054833333,2,1,1,0.229766667,2,0.475466667,3,0.175933333,1,0.3427,5,0.088333333,31,0.086566667,1,0.129433333,5,0.0964,31,0.052333333,3,0.130566667,1,0.080733333,17,0.054866667,4,0.091,1,0.253,31,0.0515,9,0.112466667
Worm-eating Warbler,1,0.142033333,26,0.0679,8,0.107833333,2,0.401866667,2,0.1011,2,0.243033333,1,0.041533333,13,0.054733333,2,0.198733333,2,0.160833333,1,0.975,1,0.0495,31,0.036633333,8,0.0675,5,0.042566667,10,0.039933333,8,0.0673,5,0.0583,30,0.037566667,12,0.036866667
Wrentit,5,0.049466667,2,0.136233333,10,0.065833333,13,0.226066667,1,0.078733333,2,0.219633333,2,0.739933333,2,0.1755,3,0.077733333,29,0.0469,2,0.2842,8,0.131566667,5,0.117,31,0.0976,29,0.060266667,18,0.0539,2,0.046233333,3,0.379566667,31,0.050033333,6,0.042566667
Yellow-bellied Sapsucker,3,0.6733,14,0.061133333,30,0.190833333,2,0.616833333,30,0.099633333,2,0.646166667,29,0.074666667,15,0.058533333,4,0.114533333,1,0.096366667,2,0.6123,1,0.129366667,16,0.0809,31,0.0829,30,0.219,1,0.053066667,4,0.142466667,3,0.287466667,19,0.0394,1,0.238233333
Yellow-billed Cuckoo,2,0.957133333,10,0.0772,8,0.046466667,1,0.6137,9,0.0869,3,0.185633333,3,0.176733333,30,0.095133333,31,0.225233333,4,0.083733333,1,0.776633333,31,0.1691,2,0.1371,31,0.2799,31,0.1018,1,0.354333333,26,0.067366667,6,0.041033333,31,0.0435,31,0.126366667
Yellow-breasted Chat,3,0.4614,30,0.0915,21,0.078766667,1,0.074333333,4,0.4334,9,0.096366667,2,0.9874,2,0.071266667,1,0.936833333,3,0.1378,1,0.9973,1,0.2804,6,0.110366667,2,0.1587,4,0.052333333,1,0.255833333,31,0.0753,21,0.0385,31,0.042933333,1,0.251766667
Yellow-crowned Night Heron,30,0.040266667,5,0.081866667,14,0.0666,29,0.051033333,12,0.069966667,1,0.043766667,11,0.077933333,1,0.046833333,28,0.042633333,20,0.042733333,4,0.193333333,1,0.5468,1,0.1103,2,0.068133333,16,0.126666667,1,0.0521,2,0.0676,3,0.0529,1,0.037433333,5,0.0387
Yellow-headed Blackbird,3,0.413233333,1,0.101133333,31,0.052,8,0.1298,6,0.111666667,11,0.0818,30,0.0392,5,0.1291,1,0.1351,2,0.510133333,31,0.091266667,2,0.998633333,1,0.052933333,1,0.999566667,31,0.1789,31,0.054666667,31,0.083533333,9,0.113533333,1,0.044433333,7,0.0462
Yellow-rumped Warbler,2,0.841366667,31,0.1256,1,0.094633333,1,0.0548,2,0.996233333,10,0.052166667,28,0.122433333,2,0.0588,2,0.912466667,1,0.0655,2,0.554733333,4,0.133466667,14,0.0582,18,0.057466667,5,0.280766667,31,0.113,30,0.085933333,21,0.097033333,31,0.047033333,1,0.390533333
Yellow-throated Vireo,2,0.728933333,13,0.1481,21,0.069866667,2,0.984866667,4,0.1455,31,0.098933333,28,0.0481,31,0.064933333,2,0.544333333,3,0.455566667,26,0.090366667,17,0.064266667,10,0.064266667,2,0.0688,31,0.168333333,9,0.0422,12,0.0512,1,0.515033333,5,0.0359,10,0.0603
Yellow-throated Warbler,8,0.068,26,0.050333333,1,0.0537,30,0.110166667,1,0.1229,22,0.050766667,1,0.053433333,13,0.036333333,1,0.1558,2,0.045833333,2,0.1508,1,0.063,4,0.043733333,4,0.048166667,5,0.043266667,2,0.041866667,1,0.125733333,1,0.045833333,27,0.034233333,31,0.045066667
Yellow Warbler,2,0.976766667,1,0.3725,1,0.091433333,22,0.080333333,2,0.5186,17,0.1441,3,0.328866667,11,0.0635,4,0.235633333,2,0.847433333,1,0.967266667,1,0.861966667,14,0.053966667,31,0.076833333,1,0.502266667,1,0.611533333,6,0.053733333,5,0.086566667,1,0.044433333,31,0.385666667
